{"frameRate":24,"isGlobal":0,"armature":[{"type":"Armature","bone":[{"name":"root","transform":{"y":-3.2653,"x":-2.3323}},{"transform":{"x":3.3741},"name":"shuriken","parent":"root"},{"transform":{"y":-56.6662,"skX":-167.9571,"skY":-167.9571,"x":-54.1658},"name":"borde1","parent":"shuriken"},{"transform":{"y":0.0037,"skX":-167.9571,"skY":-167.9571,"x":0.0174},"name":"borde2","parent":"shuriken"},{"transform":{"y":0.0037,"skX":-110.3264,"skY":-110.3264,"x":0.0174},"name":"centro","parent":"shuriken"}],"aabb":{"width":217.06333893110536,"y":-114.13290423429608,"height":216,"x":-100.34252392634467},"slot":[{"color":{},"name":"kuani","parent":"shuriken"},{"z":1,"color":{},"name":"bordeKunai","parent":"borde1"},{"z":2,"color":{},"name":"bordeKunai2","parent":"borde2"},{"z":3,"color":{},"name":"centrKunai","parent":"centro"}],"ik":[],"animation":[{"ik":[],"duration":10,"frame":[],"bone":[{"frame":[{"duration":10,"transform":{}}],"name":"root"},{"frame":[{"duration":10,"transform":{},"tweenEasing":0},{"duration":0,"transform":{"skX":-174.3022,"skY":-174.3022}}],"name":"shuriken"},{"frame":[{"duration":10,"transform":{}}],"name":"borde1"},{"frame":[{"duration":10,"transform":{}}],"name":"borde2"},{"frame":[{"duration":10,"transform":{}}],"name":"centro"}],"slot":[],"ffd":[],"playTimes":0,"name":"normal"},{"ik":[],"duration":10,"frame":[],"bone":[{"frame":[{"duration":10,"transform":{}}],"name":"root"},{"frame":[{"duration":10,"transform":{},"tweenEasing":0},{"duration":0,"transform":{"skX":-174.3022,"skY":-174.3022}}],"name":"shuriken"},{"frame":[{"duration":10,"transform":{}}],"name":"borde1"},{"frame":[{"duration":10,"transform":{}}],"name":"borde2"},{"frame":[{"duration":10,"transform":{}}],"name":"centro"}],"slot":[{"frame":[{"tweenEasing":null,"duration":10,"color":{"gM":12,"bM":32,"rM":16}}],"name":"bordeKunai"},{"frame":[{"tweenEasing":null,"duration":10,"color":{"gM":12,"bM":32,"rM":16}}],"name":"bordeKunai2"},{"frame":[{"tweenEasing":null,"duration":10,"color":{"gM":12,"bM":32,"rM":16}}],"name":"centrKunai"}],"ffd":[],"playTimes":0,"name":"nivel2"},{"ik":[],"duration":10,"frame":[],"bone":[{"frame":[{"duration":10,"transform":{}}],"name":"root"},{"frame":[{"duration":10,"transform":{},"tweenEasing":0},{"duration":0,"transform":{"skX":-174.3022,"skY":-174.3022}}],"name":"shuriken"},{"frame":[{"duration":10,"transform":{}}],"name":"borde1"},{"frame":[{"duration":10,"transform":{}}],"name":"borde2"},{"frame":[{"duration":10,"transform":{}}],"name":"centro"}],"slot":[{"frame":[{"tweenEasing":null,"duration":10,"color":{"gM":56,"bM":7,"rM":85}}],"name":"bordeKunai"},{"frame":[{"tweenEasing":null,"duration":10,"color":{"gM":6,"bM":7,"rM":78}}],"name":"bordeKunai2"},{"frame":[{"tweenEasing":null,"duration":10,"color":{"gM":12,"bM":32,"rM":16}}],"name":"centrKunai"}],"ffd":[],"playTimes":0,"name":"nivel3"},{"ik":[],"duration":4,"frame":[],"bone":[{"frame":[{"duration":4,"transform":{},"tweenEasing":0},{"duration":0,"transform":{}}],"name":"root"},{"frame":[{"duration":4,"transform":{"x":0.387},"tweenEasing":0},{"duration":0,"transform":{"skX":176.0557,"skY":176.0557}}],"name":"shuriken"},{"frame":[{"duration":4,"transform":{},"tweenEasing":0},{"duration":0,"transform":{}}],"name":"borde1"},{"frame":[{"duration":4,"transform":{},"tweenEasing":0},{"duration":0,"transform":{}}],"name":"borde2"},{"frame":[{"duration":4,"transform":{"skX":28.8154,"skY":28.8154},"tweenEasing":0},{"duration":0,"transform":{"skX":28.8154,"skY":28.8154}}],"name":"centro"}],"slot":[{"frame":[{"tweenEasing":0,"duration":4,"color":{"gM":1,"bM":99,"rM":69}},{"tweenEasing":null,"duration":0,"color":{"gM":1,"bM":74,"rM":15}}],"name":"bordeKunai"},{"frame":[{"tweenEasing":0,"duration":4,"color":{"gM":0,"bM":0,"rM":89}},{"tweenEasing":null,"duration":0,"color":{"gM":44,"rM":0}}],"name":"bordeKunai2"},{"frame":[{"tweenEasing":null,"duration":4,"color":{"gM":0,"bM":36,"rM":95}}],"name":"centrKunai"}],"ffd":[],"playTimes":0,"name":"nivel4"}],"defaultActions":[{"gotoAndPlay":"nivel4"}],"name":"Armature","frameRate":24,"skin":[{"name":"","slot":[{"display":[{"path":"centrKunai","type":"image","name":"centrKunai","transform":{}}],"name":"centrKunai"},{"display":[{"slotPose":[0.9999764132840996,-0.00686825126707129,0.00686825126707129,0.9999764132840996,-2.450460818140038,-2.731151028063293],"vertices":[-6.4,-29.9,-12.5,-32.15,-26.1,-35.15,-49.7,-36.6,-71.55,-35.45,-88.05,-30.9,-108.25,-22.7,-78.4,-19.55,-51.4,-13,-22.05,0.6,-13.15,13.75,-17.4,19.15,-32.05,6.4,-37.45,21.85,-39.8,41.45,-39,62.7,-34.75,88.95,-24.3,108,-22.35,83.45,-13.7,49.2,-1.65,24.15,12.85,13.55,20.55,19.8,8.5,30.4,26.8,38.1,57.65,40.05,87.55,35.75,107.85,28.05,60.5,19.95,27.35,5.35,9,-15.35,14.3,-21.15,30.7,-8.15,37.4,-38.4,37.9,-67.3,25.9,-108,10.9,-42.85,-2.65,-16.25,-15.6,-10.05,-19.95,-18.75],"path":"kuani","edges":[0,1,1,2,2,3,3,4,4,5,5,6,6,7,7,8,8,9,9,10,10,11,11,12,12,13,13,14,14,15,15,16,16,17,17,18,18,19,19,20,20,21,21,22,22,23,23,24,24,25,25,26,26,27,27,28,28,29,29,30,30,31,31,32,32,33,33,34,34,35,35,36,36,37,37,38,38,39,39,0],"name":"kuani","type":"mesh","triangles":[28,26,27,28,25,26,29,22,28,24,25,28,22,24,28,35,36,34,31,32,33,36,31,33,34,36,33,22,23,24,30,21,29,21,22,29,38,10,37,30,37,21,37,10,21,37,30,31,10,20,21,38,9,10,11,19,20,10,11,20,15,18,19,1,39,0,16,17,18,13,14,11,11,14,19,2,39,1,14,15,19,39,9,38,12,13,11,15,16,18,8,9,39,2,8,39,3,8,2,4,7,8,4,8,3,5,7,4,5,6,7,36,37,31],"uvs":[0.47051,0.36157,0.4424,0.35116,0.37972,0.33727,0.27097,0.33056,0.17028,0.33588,0.09424,0.35694,0.00115,0.39491,0.13871,0.40949,0.26313,0.43981,0.39839,0.50278,0.4394,0.56366,0.41982,0.58866,0.3523,0.52963,0.32742,0.60116,0.31659,0.6919,0.32028,0.79028,0.33986,0.91181,0.38802,1,0.397,0.88634,0.43687,0.72778,0.4924,0.61181,0.55922,0.56273,0.5947,0.59167,0.53917,0.64074,0.6235,0.67639,0.76567,0.68542,0.90346,0.66551,0.997,0.62986,0.7788,0.59236,0.62604,0.52477,0.54147,0.42894,0.5659,0.40208,0.64147,0.46227,0.67235,0.32222,0.67465,0.18843,0.61935,0,0.55023,0.30162,0.48779,0.42477,0.42811,0.45347,0.40806,0.41319],"bonePose":[3,1,0,0,1,-2.332331207293169,-3.265263690210436,2,1,0,0,1,62.48224034426262,40.85244220314354],"width":217,"weights":[1,3,1,1,3,1,1,3,1,1,3,1,1,3,1,1,3,1,1,3,1,1,3,1,1,3,1,1,3,1,1,3,1,1,3,1,1,3,1,1,3,1,1,3,1,1,3,1,1,3,1,1,3,1,1,3,1,1,3,1,1,3,1,1,3,1,1,3,1,1,3,1,1,3,1,1,3,1,1,3,1,1,3,1,1,3,1,1,3,1,1,3,1,1,3,1,1,3,1,1,3,1,1,3,1,1,3,1,1,3,1,1,3,1,1,3,1,1,3,1],"userEdges":[],"height":216,"transform":{"y":0.5341,"skX":-0.3935,"skY":-0.3935,"x":-0.1181}}],"name":"kuani"},{"display":[{"path":"bordeKunai","type":"image","name":"bordeKunai","transform":{"y":-10,"skX":180,"skY":180,"x":-6}}],"name":"bordeKunai"},{"display":[{"path":"bordeKunai2","type":"image","name":"bordeKunai2","transform":{"y":-30.0972,"skX":180,"skY":180,"x":-56.0818}}],"name":"bordeKunai2"}]}]}],"name":"Shuriken","version":"4.5"}