{"frameRate":24,"isGlobal":0,"armature":[{"ik":[],"bone":[{"name":"root","transform":{}},{"length":323,"transform":{"y":-759.05,"skX":90,"skY":90,"x":-28.1},"parent":"root","name":"Body"},{"length":152,"transform":{"y":-342.8,"skX":89.5219,"skY":89.5219,"x":-137.15},"parent":"root","name":"Pierna dere"},{"length":585,"transform":{"y":-940.3102,"skX":-89.0573,"skY":-89.0573,"x":-10.5044},"parent":"root","name":"Cabeza6"},{"length":149,"transform":{"y":-854.5,"skX":98.7278,"skY":98.7278,"x":-257.05},"parent":"root","name":"Brazo iz"},{"length":166,"transform":{"y":-350.7,"skX":90,"skY":90,"x":126.55},"parent":"root","name":"Pierna Iz"},{"length":145,"transform":{"y":-260.7337,"skX":-18.5228,"skY":-18.5228,"x":-78.75},"parent":"Body","name":"Brazo dere"},{"length":134,"transform":{"x":166.1},"parent":"Pierna Iz","name":"Pierna Iz1"},{"length":111,"transform":{"y":-170.1157,"skX":113.5843,"skY":113.5843,"x":210.8064},"parent":"Cabeza6","name":"Ojo iz"},{"length":137,"transform":{"y":2.5537,"skX":0.1381,"skY":0.1381,"x":155.6676},"parent":"Pierna dere","name":"Pierna dere1"},{"length":173,"transform":{"y":1.3913,"skX":0.8671,"skY":0.8671,"x":149.785},"parent":"Brazo iz","name":"Brazo iz1"},{"length":101,"transform":{"y":151.0073,"skX":-117.6396,"skY":-117.6396,"x":227.8114},"parent":"Cabeza6","name":"Ojo dere"},{"length":86,"transform":{"y":1.5521,"skX":4.9816,"skY":4.9816,"x":172.3353},"parent":"Brazo iz1","name":"Brazo iz2"},{"length":160,"transform":{"y":-1.3875,"skX":-7.4721,"skY":-7.4721,"x":145.9899},"parent":"Brazo dere","name":"Brazo dere1"},{"length":100,"transform":{"skX":-0.15,"skY":-0.15,"x":160.821},"parent":"Brazo dere1","name":"Brazo dere2"}],"defaultActions":[{"gotoAndPlay":"jump"}],"type":"Armature","frameRate":24,"animation":[{"ik":[],"playTimes":0,"bone":[{"rotateFrame":[{"tweenEasing":0,"duration":7},{"tweenEasing":0,"duration":13},{"tweenEasing":0,"duration":4},{"tweenEasing":0,"duration":14},{"tweenEasing":0,"duration":9},{"duration":0}],"scaleFrame":[{"duration":47}],"name":"root","translateFrame":[{"tweenEasing":0,"duration":7},{"y":25,"tweenEasing":0,"duration":13},{"y":-2690,"tweenEasing":0,"duration":4},{"y":-2825,"tweenEasing":0,"duration":14},{"y":25,"tweenEasing":0,"duration":9},{"duration":0}]},{"rotateFrame":[{"tweenEasing":0,"duration":7},{"tweenEasing":0,"duration":13},{"tweenEasing":0,"duration":4},{"tweenEasing":0,"duration":14},{"tweenEasing":0,"duration":9},{"duration":0}],"scaleFrame":[{"duration":47}],"name":"Body","translateFrame":[{"tweenEasing":0,"duration":7},{"y":36.2364,"tweenEasing":0,"duration":13},{"y":36.2364,"tweenEasing":0,"duration":4},{"y":36.2364,"tweenEasing":0,"duration":14},{"y":36.2364,"tweenEasing":0,"duration":9},{"duration":0}]},{"rotateFrame":[{"tweenEasing":0,"duration":7},{"tweenEasing":0,"duration":13},{"tweenEasing":0,"duration":4,"rotate":-64.1182},{"tweenEasing":0,"duration":14,"rotate":-64.1182},{"tweenEasing":0,"duration":9},{"duration":0}],"scaleFrame":[{"duration":47}],"name":"Brazo dere","translateFrame":[{"tweenEasing":0,"duration":7},{"y":36.2364,"tweenEasing":0,"duration":13},{"y":36.2364,"tweenEasing":0,"duration":4},{"y":36.2364,"tweenEasing":0,"duration":14},{"y":36.2364,"tweenEasing":0,"duration":9},{"duration":0}]},{"rotateFrame":[{"tweenEasing":0,"duration":7},{"tweenEasing":0,"duration":13,"rotate":31.9221},{"tweenEasing":0,"duration":4,"rotate":1.4284},{"tweenEasing":0,"duration":14,"rotate":1.4284},{"tweenEasing":0,"duration":9,"rotate":31.9221},{"duration":0}],"scaleFrame":[{"duration":47}],"name":"Pierna dere","translateFrame":[{"tweenEasing":0,"duration":7},{"y":36.2364,"tweenEasing":0,"duration":13},{"y":36.2364,"tweenEasing":0,"duration":4},{"y":36.2364,"tweenEasing":0,"duration":14},{"y":36.2364,"tweenEasing":0,"duration":9},{"duration":0}]},{"rotateFrame":[{"tweenEasing":0,"duration":7},{"tweenEasing":0,"duration":13},{"tweenEasing":0,"duration":4,"rotate":73.8074},{"tweenEasing":0,"duration":14,"rotate":73.8074},{"tweenEasing":0,"duration":9},{"duration":0}],"scaleFrame":[{"duration":47}],"name":"Brazo iz","translateFrame":[{"tweenEasing":0,"duration":7},{"y":36.2364,"tweenEasing":0,"duration":13},{"y":36.2364,"tweenEasing":0,"duration":4},{"y":36.2364,"tweenEasing":0,"duration":14},{"y":36.2364,"tweenEasing":0,"duration":9},{"duration":0}]},{"rotateFrame":[{"tweenEasing":0,"duration":7},{"tweenEasing":0,"duration":13},{"tweenEasing":0,"duration":4},{"tweenEasing":0,"duration":14},{"tweenEasing":0,"duration":9},{"duration":0}],"scaleFrame":[{"duration":47}],"name":"Cabeza6","translateFrame":[{"tweenEasing":0,"duration":7},{"y":36.2364,"tweenEasing":0,"duration":13},{"y":36.2364,"tweenEasing":0,"duration":4},{"y":36.2364,"tweenEasing":0,"duration":14},{"y":36.2364,"tweenEasing":0,"duration":9},{"duration":0}]},{"rotateFrame":[{"tweenEasing":0,"duration":7},{"tweenEasing":0,"duration":13,"rotate":-38.8877},{"tweenEasing":0,"duration":4,"rotate":-10.3056},{"tweenEasing":0,"duration":14,"rotate":-10.3056},{"tweenEasing":0,"duration":9,"rotate":-38.8877},{"duration":0}],"scaleFrame":[{"duration":47}],"name":"Pierna Iz","translateFrame":[{"tweenEasing":0,"duration":7},{"y":36.2364,"tweenEasing":0,"duration":13},{"y":36.2364,"tweenEasing":0,"duration":4},{"y":36.2364,"tweenEasing":0,"duration":14},{"y":36.2364,"tweenEasing":0,"duration":9},{"duration":0}]},{"rotateFrame":[{"tweenEasing":0,"duration":7},{"tweenEasing":0,"duration":13,"rotate":45.9893},{"tweenEasing":0,"duration":4,"rotate":12.2677},{"tweenEasing":0,"duration":14,"rotate":12.2677},{"tweenEasing":0,"duration":9,"rotate":45.9893},{"duration":0}],"scaleFrame":[{"duration":47}],"name":"Pierna Iz1","translateFrame":[{"tweenEasing":0,"duration":7},{"tweenEasing":0,"duration":13},{"tweenEasing":0,"duration":4},{"tweenEasing":0,"duration":14},{"tweenEasing":0,"duration":9},{"duration":0}]},{"rotateFrame":[{"tweenEasing":0,"duration":7},{"tweenEasing":0,"duration":13},{"tweenEasing":0,"duration":4,"rotate":-1.1149},{"tweenEasing":0,"duration":14,"rotate":-1.1149},{"tweenEasing":0,"duration":9},{"duration":0}],"scaleFrame":[{"duration":47}],"name":"Brazo dere1","translateFrame":[{"tweenEasing":0,"duration":7},{"tweenEasing":0,"duration":13},{"tweenEasing":0,"duration":4},{"tweenEasing":0,"duration":14},{"tweenEasing":0,"duration":9},{"duration":0}]},{"rotateFrame":[{"tweenEasing":0,"duration":7},{"tweenEasing":0,"duration":13,"rotate":-45.9374},{"tweenEasing":0,"duration":4,"rotate":-2.6049},{"tweenEasing":0,"duration":14,"rotate":-2.6049},{"tweenEasing":0,"duration":9,"rotate":-45.9374},{"duration":0}],"scaleFrame":[{"duration":47}],"name":"Pierna dere1","translateFrame":[{"tweenEasing":0,"duration":7},{"tweenEasing":0,"duration":13},{"tweenEasing":0,"duration":4},{"tweenEasing":0,"duration":14},{"tweenEasing":0,"duration":9},{"duration":0}]},{"rotateFrame":[{"tweenEasing":0,"duration":7},{"tweenEasing":0,"duration":13},{"tweenEasing":0,"duration":4},{"tweenEasing":0,"duration":14},{"tweenEasing":0,"duration":9},{"duration":0}],"scaleFrame":[{"duration":47}],"name":"Brazo iz1","translateFrame":[{"tweenEasing":0,"duration":7},{"tweenEasing":0,"duration":13},{"tweenEasing":0,"duration":4},{"tweenEasing":0,"duration":14},{"tweenEasing":0,"duration":9},{"duration":0}]},{"rotateFrame":[{"tweenEasing":0,"duration":7},{"tweenEasing":0,"duration":13},{"tweenEasing":0,"duration":4},{"tweenEasing":0,"duration":14},{"tweenEasing":0,"duration":9},{"duration":0}],"scaleFrame":[{"duration":47}],"name":"Ojo iz","translateFrame":[{"tweenEasing":0,"duration":7},{"tweenEasing":0,"duration":13},{"tweenEasing":0,"duration":4},{"tweenEasing":0,"duration":14},{"tweenEasing":0,"duration":9},{"duration":0}]},{"rotateFrame":[{"tweenEasing":0,"duration":7},{"tweenEasing":0,"duration":13},{"tweenEasing":0,"duration":4},{"tweenEasing":0,"duration":14},{"tweenEasing":0,"duration":9},{"duration":0}],"scaleFrame":[{"duration":47}],"name":"Ojo dere","translateFrame":[{"tweenEasing":0,"duration":7},{"tweenEasing":0,"duration":13},{"tweenEasing":0,"duration":4},{"tweenEasing":0,"duration":14},{"tweenEasing":0,"duration":9},{"duration":0}]},{"rotateFrame":[{"tweenEasing":0,"duration":7},{"tweenEasing":0,"duration":13},{"tweenEasing":0,"duration":4},{"tweenEasing":0,"duration":14},{"tweenEasing":0,"duration":9},{"duration":0}],"scaleFrame":[{"duration":47}],"name":"Brazo dere2","translateFrame":[{"tweenEasing":0,"duration":7},{"tweenEasing":0,"duration":13},{"tweenEasing":0,"duration":4},{"tweenEasing":0,"duration":14},{"tweenEasing":0,"duration":9},{"duration":0}]},{"rotateFrame":[{"tweenEasing":0,"duration":7},{"tweenEasing":0,"duration":13},{"tweenEasing":0,"duration":4},{"tweenEasing":0,"duration":14},{"tweenEasing":0,"duration":9},{"duration":0}],"scaleFrame":[{"duration":47}],"name":"Brazo iz2","translateFrame":[{"tweenEasing":0,"duration":7},{"tweenEasing":0,"duration":13},{"tweenEasing":0,"duration":4},{"tweenEasing":0,"duration":14},{"tweenEasing":0,"duration":9},{"duration":0}]}],"slot":[{"colorFrame":[{"duration":47}],"displayFrame":[{"duration":47}],"name":"Brazo dere"},{"colorFrame":[{"duration":47}],"displayFrame":[{"duration":47}],"name":"Brazo iz"},{"colorFrame":[{"duration":47}],"displayFrame":[{"duration":47}],"name":"Pierna dere"},{"colorFrame":[{"duration":47}],"displayFrame":[{"duration":47}],"name":"Pierna Iz"},{"colorFrame":[{"duration":47}],"displayFrame":[{"duration":47}],"name":"Body"},{"colorFrame":[{"duration":47}],"displayFrame":[{"duration":47}],"name":"Cabeza"},{"colorFrame":[{"duration":47}],"displayFrame":[{"duration":47}],"name":"Ojo iz"},{"colorFrame":[{"duration":47}],"displayFrame":[{"duration":47}],"name":"Ojo dere"}],"ffd":[],"frame":[],"name":"jump","duration":47},{"ik":[],"playTimes":0,"bone":[{"rotateFrame":[{"tweenEasing":0,"duration":45},{"tweenEasing":0,"duration":5},{"tweenEasing":0,"duration":82},{"duration":0}],"scaleFrame":[],"name":"root","translateFrame":[{"tweenEasing":0,"duration":45},{"tweenEasing":0,"duration":5},{"tweenEasing":0,"duration":82},{"duration":0}]},{"rotateFrame":[{"tweenEasing":0,"duration":45},{"tweenEasing":0,"duration":5},{"tweenEasing":0,"duration":82},{"duration":0}],"scaleFrame":[],"name":"Body","translateFrame":[{"tweenEasing":0,"duration":45},{"tweenEasing":0,"duration":5},{"tweenEasing":0,"duration":82},{"duration":0}]},{"rotateFrame":[{"tweenEasing":0,"duration":45},{"tweenEasing":0,"duration":5},{"tweenEasing":0,"duration":5},{"tweenEasing":0,"duration":77},{"duration":0}],"scaleFrame":[],"name":"Brazo dere","translateFrame":[{"tweenEasing":0,"duration":45},{"tweenEasing":0,"duration":5},{"tweenEasing":0,"duration":5},{"tweenEasing":0,"duration":77},{"duration":0}]},{"rotateFrame":[{"tweenEasing":0,"duration":45},{"tweenEasing":0,"duration":5},{"tweenEasing":0,"duration":82},{"duration":0}],"scaleFrame":[],"name":"Pierna dere","translateFrame":[{"tweenEasing":0,"duration":45},{"tweenEasing":0,"duration":5},{"tweenEasing":0,"duration":82},{"duration":0}]},{"rotateFrame":[{"tweenEasing":0,"duration":45},{"tweenEasing":0,"duration":5},{"tweenEasing":0,"duration":82},{"duration":0}],"scaleFrame":[],"name":"Brazo iz","translateFrame":[{"tweenEasing":0,"duration":35},{"tweenEasing":0,"duration":10},{"tweenEasing":0,"duration":5},{"tweenEasing":0,"duration":82},{"duration":0}]},{"rotateFrame":[{"tweenEasing":0,"duration":15},{"tweenEasing":0,"duration":5,"rotate":-10.3724},{"tweenEasing":0,"duration":5,"rotate":-10.3724},{"tweenEasing":0,"duration":5,"rotate":9.4757},{"tweenEasing":0,"duration":5,"rotate":9.4757},{"tweenEasing":0,"duration":10,"rotate":-1.6837},{"tweenEasing":0,"duration":5},{"tweenEasing":0,"duration":82},{"duration":0}],"scaleFrame":[],"name":"Cabeza6","translateFrame":[{"tweenEasing":0,"duration":15},{"tweenEasing":0,"duration":5},{"tweenEasing":0,"duration":5},{"tweenEasing":0,"duration":5},{"tweenEasing":0,"duration":5},{"tweenEasing":0,"duration":10},{"tweenEasing":0,"duration":5},{"tweenEasing":0,"duration":82},{"duration":0}]},{"rotateFrame":[{"tweenEasing":0,"duration":45},{"tweenEasing":0,"duration":5},{"tweenEasing":0,"duration":82},{"duration":0}],"scaleFrame":[],"name":"Pierna Iz","translateFrame":[{"tweenEasing":0,"duration":45},{"tweenEasing":0,"duration":5},{"tweenEasing":0,"duration":82},{"duration":0}]},{"rotateFrame":[{"tweenEasing":0,"duration":45},{"tweenEasing":0,"duration":5},{"tweenEasing":0,"duration":82},{"duration":0}],"scaleFrame":[],"name":"Pierna Iz1","translateFrame":[{"tweenEasing":0,"duration":45},{"tweenEasing":0,"duration":5},{"tweenEasing":0,"duration":82},{"duration":0}]},{"rotateFrame":[{"tweenEasing":0,"duration":45},{"tweenEasing":0,"duration":5},{"tweenEasing":0,"duration":82},{"duration":0}],"scaleFrame":[],"name":"Brazo dere1","translateFrame":[{"tweenEasing":0,"duration":45},{"tweenEasing":0,"duration":5},{"tweenEasing":0,"duration":82},{"duration":0}]},{"rotateFrame":[{"tweenEasing":0,"duration":45},{"tweenEasing":0,"duration":5},{"tweenEasing":0,"duration":82},{"duration":0}],"scaleFrame":[],"name":"Pierna dere1","translateFrame":[{"tweenEasing":0,"duration":45},{"tweenEasing":0,"duration":5},{"tweenEasing":0,"duration":82},{"duration":0}]},{"rotateFrame":[{"tweenEasing":0,"duration":45},{"tweenEasing":0,"duration":5},{"tweenEasing":0,"duration":82},{"duration":0}],"scaleFrame":[],"name":"Brazo iz1","translateFrame":[{"tweenEasing":0,"duration":45},{"tweenEasing":0,"duration":5},{"tweenEasing":0,"duration":82},{"duration":0}]},{"rotateFrame":[{"tweenEasing":0,"duration":45},{"tweenEasing":0,"duration":5},{"tweenEasing":0,"duration":55},{"tweenEasing":0,"duration":27,"rotate":-4.9715},{"duration":0}],"scaleFrame":[],"name":"Ojo iz","translateFrame":[{"tweenEasing":0,"duration":45},{"tweenEasing":0,"duration":5},{"tweenEasing":0,"duration":55},{"tweenEasing":0,"duration":27},{"duration":0}]},{"rotateFrame":[{"tweenEasing":0,"duration":45},{"tweenEasing":0,"duration":5},{"tweenEasing":0,"duration":55},{"tweenEasing":0,"duration":27,"rotate":5.8694},{"duration":0}],"scaleFrame":[],"name":"Ojo dere","translateFrame":[{"tweenEasing":0,"duration":45},{"tweenEasing":0,"duration":5},{"tweenEasing":0,"duration":55},{"tweenEasing":0,"duration":27},{"duration":0}]},{"rotateFrame":[{"tweenEasing":0,"duration":35},{"tweenEasing":0,"duration":10,"rotate":19.8068},{"tweenEasing":0,"duration":5},{"tweenEasing":0,"duration":5},{"tweenEasing":0,"duration":5,"rotate":20.4917},{"tweenEasing":0,"duration":10,"rotate":34.8578},{"tweenEasing":0,"duration":10,"rotate":4.2534},{"tweenEasing":0,"duration":10,"rotate":34.8578},{"tweenEasing":0,"duration":20,"rotate":4.2534},{"tweenEasing":0,"duration":10,"rotate":5.88},{"tweenEasing":0,"duration":10,"rotate":40.6176},{"tweenEasing":0,"duration":2,"rotate":5.88},{"duration":0}],"scaleFrame":[],"name":"Brazo dere2","translateFrame":[{"tweenEasing":0,"duration":35},{"tweenEasing":0,"duration":10},{"tweenEasing":0,"duration":5},{"tweenEasing":0,"duration":5},{"tweenEasing":0,"duration":5},{"tweenEasing":0,"duration":10},{"tweenEasing":0,"duration":10},{"tweenEasing":0,"duration":10},{"tweenEasing":0,"duration":20},{"tweenEasing":0,"duration":10},{"tweenEasing":0,"duration":10},{"tweenEasing":0,"duration":2},{"duration":0}]},{"rotateFrame":[{"tweenEasing":0,"duration":35},{"tweenEasing":0,"duration":10,"rotate":-20.5748},{"tweenEasing":0,"duration":5},{"tweenEasing":0,"duration":10},{"tweenEasing":0,"duration":10,"rotate":-32.437},{"tweenEasing":0,"duration":10},{"tweenEasing":0,"duration":10,"rotate":-32.437},{"tweenEasing":0,"duration":10},{"tweenEasing":0,"duration":10,"rotate":-49.6533},{"tweenEasing":0,"duration":20},{"tweenEasing":0,"duration":2},{"duration":0}],"scaleFrame":[],"name":"Brazo iz2","translateFrame":[{"tweenEasing":0,"duration":35},{"tweenEasing":0,"duration":10},{"tweenEasing":0,"duration":5},{"tweenEasing":0,"duration":10},{"tweenEasing":0,"duration":10},{"tweenEasing":0,"duration":10},{"tweenEasing":0,"duration":10},{"tweenEasing":0,"duration":10},{"tweenEasing":0,"duration":10},{"tweenEasing":0,"duration":20},{"tweenEasing":0,"duration":2},{"duration":0}]}],"slot":[{"colorFrame":[],"displayFrame":[],"name":"Brazo dere"},{"colorFrame":[],"displayFrame":[],"name":"Brazo iz"},{"colorFrame":[],"displayFrame":[],"name":"Pierna dere"},{"colorFrame":[],"displayFrame":[],"name":"Pierna Iz"},{"colorFrame":[],"displayFrame":[],"name":"Body"},{"colorFrame":[],"displayFrame":[],"name":"Cabeza"},{"colorFrame":[],"displayFrame":[],"name":"Ojo iz"},{"colorFrame":[],"displayFrame":[],"name":"Ojo dere"}],"ffd":[],"frame":[],"name":"quieto","duration":132},{"ik":[],"playTimes":0,"bone":[{"rotateFrame":[{"tweenEasing":0,"duration":10},{"tweenEasing":0,"duration":10},{"duration":0}],"scaleFrame":[],"name":"root","translateFrame":[{"tweenEasing":0,"duration":10},{"y":-454.75,"tweenEasing":0,"duration":10,"x":976.25},{"duration":0,"x":1952.5}]},{"rotateFrame":[{"tweenEasing":0,"duration":10},{"tweenEasing":0,"duration":10},{"duration":0}],"scaleFrame":[],"name":"Body","translateFrame":[{"tweenEasing":0,"duration":10},{"tweenEasing":0,"duration":10},{"duration":0}]},{"rotateFrame":[{"tweenEasing":0,"duration":10},{"tweenEasing":0,"duration":10},{"duration":0}],"scaleFrame":[],"name":"Pierna dere","translateFrame":[{"tweenEasing":0,"duration":10},{"tweenEasing":0,"duration":10},{"duration":0}]},{"rotateFrame":[{"tweenEasing":0,"duration":10},{"tweenEasing":0,"duration":10},{"duration":0}],"scaleFrame":[],"name":"Cabeza6","translateFrame":[{"tweenEasing":0,"duration":10},{"tweenEasing":0,"duration":10},{"duration":0}]},{"rotateFrame":[{"tweenEasing":0,"duration":10},{"tweenEasing":0,"duration":10,"rotate":71.675},{"duration":0}],"scaleFrame":[],"name":"Brazo iz","translateFrame":[{"tweenEasing":0,"duration":10},{"tweenEasing":0,"duration":10},{"duration":0}]},{"rotateFrame":[{"tweenEasing":0,"duration":10},{"tweenEasing":0,"duration":10},{"duration":0}],"scaleFrame":[],"name":"Pierna Iz","translateFrame":[{"tweenEasing":0,"duration":10},{"tweenEasing":0,"duration":10},{"duration":0}]},{"rotateFrame":[{"tweenEasing":0,"duration":10},{"tweenEasing":0,"duration":10,"rotate":-62.4605},{"duration":0,"rotate":3.7103}],"scaleFrame":[],"name":"Brazo dere","translateFrame":[{"duration":20}]},{"rotateFrame":[{"tweenEasing":0,"duration":10},{"tweenEasing":0,"duration":10},{"duration":0}],"scaleFrame":[],"name":"Pierna Iz1","translateFrame":[{"tweenEasing":0,"duration":10},{"tweenEasing":0,"duration":10},{"duration":0}]},{"rotateFrame":[{"tweenEasing":0,"duration":10},{"tweenEasing":0,"duration":10},{"duration":0}],"scaleFrame":[],"name":"Ojo iz","translateFrame":[{"tweenEasing":0,"duration":10},{"tweenEasing":0,"duration":10},{"duration":0}]},{"rotateFrame":[{"tweenEasing":0,"duration":10},{"tweenEasing":0,"duration":10},{"duration":0}],"scaleFrame":[],"name":"Pierna dere1","translateFrame":[{"tweenEasing":0,"duration":10},{"tweenEasing":0,"duration":10},{"duration":0}]},{"rotateFrame":[{"tweenEasing":0,"duration":10},{"tweenEasing":0,"duration":10},{"duration":0}],"scaleFrame":[],"name":"Brazo iz1","translateFrame":[{"tweenEasing":0,"duration":10},{"tweenEasing":0,"duration":10},{"duration":0}]},{"rotateFrame":[{"tweenEasing":0,"duration":10},{"tweenEasing":0,"duration":10},{"duration":0}],"scaleFrame":[],"name":"Ojo dere","translateFrame":[{"tweenEasing":0,"duration":10},{"tweenEasing":0,"duration":10},{"duration":0}]},{"rotateFrame":[{"tweenEasing":0,"duration":10},{"tweenEasing":0,"duration":10},{"duration":0}],"scaleFrame":[],"name":"Brazo iz2","translateFrame":[{"tweenEasing":0,"duration":10},{"tweenEasing":0,"duration":10},{"duration":0}]},{"rotateFrame":[{"tweenEasing":0,"duration":10},{"tweenEasing":0,"duration":10},{"duration":0}],"scaleFrame":[],"name":"Brazo dere1","translateFrame":[{"tweenEasing":0,"duration":10},{"tweenEasing":0,"duration":10},{"duration":0}]},{"rotateFrame":[{"tweenEasing":0,"duration":10},{"tweenEasing":0,"duration":10},{"duration":0}],"scaleFrame":[],"name":"Brazo dere2","translateFrame":[{"tweenEasing":0,"duration":10},{"tweenEasing":0,"duration":10},{"duration":0}]}],"slot":[{"colorFrame":[],"displayFrame":[],"name":"Brazo dere"},{"colorFrame":[],"displayFrame":[],"name":"Brazo iz"},{"colorFrame":[],"displayFrame":[],"name":"Pierna dere"},{"colorFrame":[],"displayFrame":[],"name":"Pierna Iz"},{"colorFrame":[],"displayFrame":[],"name":"Body"},{"colorFrame":[],"displayFrame":[],"name":"Cabeza"},{"colorFrame":[],"displayFrame":[],"name":"Ojo iz"},{"colorFrame":[],"displayFrame":[],"name":"Ojo dere"}],"ffd":[],"frame":[],"name":"derecha","duration":20},{"ik":[],"playTimes":0,"bone":[{"rotateFrame":[{"tweenEasing":0,"duration":10},{"tweenEasing":0,"duration":10},{"duration":0}],"scaleFrame":[],"name":"root","translateFrame":[{"tweenEasing":0,"duration":10},{"y":-454.75,"tweenEasing":0,"duration":10,"x":-7.5},{"duration":0}]},{"rotateFrame":[{"tweenEasing":0,"duration":10},{"tweenEasing":0,"duration":10},{"duration":0}],"scaleFrame":[],"name":"Body","translateFrame":[{"tweenEasing":0,"duration":10},{"tweenEasing":0,"duration":10},{"duration":0}]},{"rotateFrame":[{"tweenEasing":0,"duration":10},{"tweenEasing":0,"duration":10},{"duration":0}],"scaleFrame":[],"name":"Pierna dere","translateFrame":[{"tweenEasing":0,"duration":10},{"tweenEasing":0,"duration":10},{"duration":0}]},{"rotateFrame":[{"tweenEasing":0,"duration":10},{"tweenEasing":0,"duration":10},{"duration":0}],"scaleFrame":[],"name":"Cabeza6","translateFrame":[{"tweenEasing":0,"duration":10},{"tweenEasing":0,"duration":10},{"duration":0}]},{"rotateFrame":[{"tweenEasing":0,"duration":10},{"tweenEasing":0,"duration":10,"rotate":71.675},{"duration":0}],"scaleFrame":[],"name":"Brazo iz","translateFrame":[{"tweenEasing":0,"duration":10},{"tweenEasing":0,"duration":10},{"duration":0}]},{"rotateFrame":[{"tweenEasing":0,"duration":10},{"tweenEasing":0,"duration":10},{"duration":0}],"scaleFrame":[],"name":"Pierna Iz","translateFrame":[{"tweenEasing":0,"duration":10},{"tweenEasing":0,"duration":10},{"duration":0}]},{"rotateFrame":[{"tweenEasing":0,"duration":10},{"tweenEasing":0,"duration":10,"rotate":-62.4605},{"duration":0}],"scaleFrame":[],"name":"Brazo dere","translateFrame":[{"tweenEasing":0,"duration":10},{"tweenEasing":0,"duration":10},{"duration":0}]},{"rotateFrame":[{"tweenEasing":0,"duration":10},{"tweenEasing":0,"duration":10},{"duration":0}],"scaleFrame":[],"name":"Pierna Iz1","translateFrame":[{"tweenEasing":0,"duration":10},{"tweenEasing":0,"duration":10},{"duration":0}]},{"rotateFrame":[{"tweenEasing":0,"duration":10},{"tweenEasing":0,"duration":10},{"duration":0}],"scaleFrame":[],"name":"Ojo iz","translateFrame":[{"tweenEasing":0,"duration":10},{"tweenEasing":0,"duration":10},{"duration":0}]},{"rotateFrame":[{"tweenEasing":0,"duration":10},{"tweenEasing":0,"duration":10},{"duration":0}],"scaleFrame":[],"name":"Pierna dere1","translateFrame":[{"tweenEasing":0,"duration":10},{"tweenEasing":0,"duration":10},{"duration":0}]},{"rotateFrame":[{"tweenEasing":0,"duration":10},{"tweenEasing":0,"duration":10},{"duration":0}],"scaleFrame":[],"name":"Brazo iz1","translateFrame":[{"tweenEasing":0,"duration":10},{"tweenEasing":0,"duration":10},{"duration":0}]},{"rotateFrame":[{"tweenEasing":0,"duration":10},{"tweenEasing":0,"duration":10},{"duration":0}],"scaleFrame":[],"name":"Ojo dere","translateFrame":[{"tweenEasing":0,"duration":10},{"tweenEasing":0,"duration":10},{"duration":0}]},{"rotateFrame":[{"tweenEasing":0,"duration":10},{"tweenEasing":0,"duration":10},{"duration":0}],"scaleFrame":[],"name":"Brazo iz2","translateFrame":[{"tweenEasing":0,"duration":10},{"tweenEasing":0,"duration":10},{"duration":0}]},{"rotateFrame":[{"tweenEasing":0,"duration":10},{"tweenEasing":0,"duration":10},{"duration":0}],"scaleFrame":[],"name":"Brazo dere1","translateFrame":[{"tweenEasing":0,"duration":10},{"tweenEasing":0,"duration":10},{"duration":0}]},{"rotateFrame":[{"tweenEasing":0,"duration":10},{"tweenEasing":0,"duration":10},{"duration":0}],"scaleFrame":[],"name":"Brazo dere2","translateFrame":[{"tweenEasing":0,"duration":10},{"tweenEasing":0,"duration":10},{"duration":0}]}],"slot":[{"colorFrame":[],"displayFrame":[],"name":"Brazo dere"},{"colorFrame":[],"displayFrame":[],"name":"Brazo iz"},{"colorFrame":[],"displayFrame":[],"name":"Pierna dere"},{"colorFrame":[],"displayFrame":[],"name":"Pierna Iz"},{"colorFrame":[],"displayFrame":[],"name":"Body"},{"colorFrame":[],"displayFrame":[],"name":"Cabeza"},{"colorFrame":[],"displayFrame":[],"name":"Ojo iz"},{"colorFrame":[],"displayFrame":[],"name":"Ojo dere"}],"ffd":[],"frame":[],"name":"der_iz","duration":20},{"ik":[],"playTimes":0,"bone":[{"rotateFrame":[{"tweenEasing":0,"duration":10},{"tweenEasing":0,"duration":10},{"duration":0}],"scaleFrame":[],"name":"root","translateFrame":[{"tweenEasing":0,"duration":10},{"y":-454.75,"tweenEasing":0,"duration":10,"x":-7.5},{"duration":0}]},{"rotateFrame":[{"tweenEasing":0,"duration":10},{"tweenEasing":0,"duration":10},{"duration":0}],"scaleFrame":[],"name":"Body","translateFrame":[{"tweenEasing":0,"duration":10},{"tweenEasing":0,"duration":10},{"duration":0}]},{"rotateFrame":[{"tweenEasing":0,"duration":10},{"tweenEasing":0,"duration":10},{"duration":0}],"scaleFrame":[],"name":"Pierna dere","translateFrame":[{"tweenEasing":0,"duration":10},{"tweenEasing":0,"duration":10},{"duration":0}]},{"rotateFrame":[{"tweenEasing":0,"duration":10},{"tweenEasing":0,"duration":10},{"duration":0}],"scaleFrame":[],"name":"Cabeza6","translateFrame":[{"tweenEasing":0,"duration":10},{"tweenEasing":0,"duration":10},{"duration":0}]},{"rotateFrame":[{"tweenEasing":0,"duration":10},{"tweenEasing":0,"duration":10,"rotate":71.675},{"duration":0}],"scaleFrame":[],"name":"Brazo iz","translateFrame":[{"tweenEasing":0,"duration":10},{"tweenEasing":0,"duration":10},{"duration":0}]},{"rotateFrame":[{"tweenEasing":0,"duration":10},{"tweenEasing":0,"duration":10},{"duration":0}],"scaleFrame":[],"name":"Pierna Iz","translateFrame":[{"tweenEasing":0,"duration":10},{"tweenEasing":0,"duration":10},{"duration":0}]},{"rotateFrame":[{"tweenEasing":0,"duration":10},{"tweenEasing":0,"duration":10,"rotate":-62.4605},{"duration":0}],"scaleFrame":[],"name":"Brazo dere","translateFrame":[{"tweenEasing":0,"duration":10},{"tweenEasing":0,"duration":10},{"duration":0}]},{"rotateFrame":[{"tweenEasing":0,"duration":10},{"tweenEasing":0,"duration":10},{"duration":0}],"scaleFrame":[],"name":"Pierna Iz1","translateFrame":[{"tweenEasing":0,"duration":10},{"tweenEasing":0,"duration":10},{"duration":0}]},{"rotateFrame":[{"tweenEasing":0,"duration":10},{"tweenEasing":0,"duration":10},{"duration":0}],"scaleFrame":[],"name":"Ojo iz","translateFrame":[{"tweenEasing":0,"duration":10},{"tweenEasing":0,"duration":10},{"duration":0}]},{"rotateFrame":[{"tweenEasing":0,"duration":10},{"tweenEasing":0,"duration":10},{"duration":0}],"scaleFrame":[],"name":"Pierna dere1","translateFrame":[{"tweenEasing":0,"duration":10},{"tweenEasing":0,"duration":10},{"duration":0}]},{"rotateFrame":[{"tweenEasing":0,"duration":10},{"tweenEasing":0,"duration":10},{"duration":0}],"scaleFrame":[],"name":"Brazo iz1","translateFrame":[{"tweenEasing":0,"duration":10},{"tweenEasing":0,"duration":10},{"duration":0}]},{"rotateFrame":[{"tweenEasing":0,"duration":10},{"tweenEasing":0,"duration":10},{"duration":0}],"scaleFrame":[],"name":"Ojo dere","translateFrame":[{"tweenEasing":0,"duration":10},{"tweenEasing":0,"duration":10},{"duration":0}]},{"rotateFrame":[{"tweenEasing":0,"duration":10},{"tweenEasing":0,"duration":10},{"duration":0}],"scaleFrame":[],"name":"Brazo iz2","translateFrame":[{"tweenEasing":0,"duration":10},{"tweenEasing":0,"duration":10},{"duration":0}]},{"rotateFrame":[{"tweenEasing":0,"duration":10},{"tweenEasing":0,"duration":10},{"duration":0}],"scaleFrame":[],"name":"Brazo dere1","translateFrame":[{"tweenEasing":0,"duration":10},{"tweenEasing":0,"duration":10},{"duration":0}]},{"rotateFrame":[{"tweenEasing":0,"duration":10},{"tweenEasing":0,"duration":10},{"duration":0}],"scaleFrame":[],"name":"Brazo dere2","translateFrame":[{"tweenEasing":0,"duration":10},{"tweenEasing":0,"duration":10},{"duration":0}]}],"slot":[{"colorFrame":[{"color":{"gM":25,"rM":59,"bM":25},"duration":20}],"displayFrame":[],"name":"Brazo dere"},{"colorFrame":[{"color":{"gM":25,"rM":59,"bM":25},"duration":20}],"displayFrame":[],"name":"Brazo iz"},{"colorFrame":[{"color":{"gM":43,"rM":76,"bM":43},"duration":20}],"displayFrame":[],"name":"Pierna dere"},{"colorFrame":[{"color":{"gM":43,"rM":76,"bM":43},"duration":20}],"displayFrame":[],"name":"Pierna Iz"},{"colorFrame":[],"displayFrame":[],"name":"Body"},{"colorFrame":[{"color":{"gM":43,"rM":60,"bM":43},"duration":20}],"displayFrame":[],"name":"Cabeza"},{"colorFrame":[{"color":{"gM":0,"rM":99,"bM":0},"duration":20}],"displayFrame":[],"name":"Ojo iz"},{"colorFrame":[{"color":{"gM":0,"bM":0},"duration":20}],"displayFrame":[],"name":"Ojo dere"}],"ffd":[],"frame":[],"name":"frenei","duration":20}],"skin":[{"slot":[{"display":[{"width":148,"triangles":[31,28,30,28,29,30,32,27,31,27,28,31,33,27,32,34,26,33,26,27,33,35,26,34,25,26,35,36,25,35,37,25,36,38,25,37,23,21,22,39,25,38,23,20,21,24,20,23,24,16,20,40,41,25,15,16,25,40,25,39,25,16,24,16,19,20,42,43,25,41,42,25,17,18,19,16,17,19,43,13,25,13,14,25,14,15,25,12,13,43,44,12,43,46,12,45,45,12,44,11,12,46,9,10,48,48,10,47,47,10,46,10,11,46,69,9,48,69,70,9,70,8,9,4,7,70,70,7,8,50,69,49,49,69,48,4,6,7,3,4,70,2,3,71,71,3,70,4,5,6,51,69,50,72,2,71,52,69,51,73,2,72,1,2,73,53,68,52,52,68,69,74,1,73,53,67,68,75,1,74,54,67,53,54,66,67,76,1,75,55,65,66,55,66,54,0,1,76,56,65,55,56,64,65,77,0,76,57,64,56,57,63,64,58,63,57,78,0,77,58,62,63,59,62,58,60,61,59,59,61,62],"type":"mesh","vertices":[-55.5,-23.95,-55.5,-14.9,-54.3,-4.95,-52.5,3.3,-48.85,10.55,-45.85,16.95,-41.3,21.45,-34.6,25.7,-25.25,29.35,-17.65,31.15,-11.3,33,-4.65,34.5,5.65,36,15.95,37.55,23.25,38.7,30.8,40.5,38.7,42.35,43.25,43.6,48.05,44.15,52.3,38.7,55.05,34.8,58.35,30.85,60.2,26.9,57.2,20.55,54.2,16.6,50.55,12.1,57.75,15.95,61.4,19.35,67.15,23.6,71.15,26.6,72.95,23,72.65,18.1,71.7,13.3,69.9,8.45,68.35,4.5,66,-0.35,62.35,-6.1,58.7,-10.35,54.45,-13.65,50.25,-17,46.25,-20.05,42.3,-22.45,36.3,-25.2,30.2,-27.3,25.35,-29.7,19.35,-31.85,14.2,-33.05,5.4,-36.7,-1.9,-37.9,-7.05,-39.15,-12.2,-39.7,-19.5,-40.95,-26.45,-41.55,-33.1,-41.85,-39.4,-42.45,-44.85,-43.05,-49.15,-43.65,-54,-43.65,-62.2,-43.95,-68.85,-43.65,-72.2,-41.55,-71.9,-37.65,-65.8,-36.4,-58.8,-35.8,-54.6,-34.85,-47.25,-33.85,-41.25,-33.1,-35.95,-32.15,-31.8,-31.85,-27.4,-31.05,-29.85,-29.7,-33.15,-29.5,-36.4,-29.35,-41.8,-28.75,-44.6,-28.3,-48.4,-27.35,-50.8,-26.7,-53.2,-26.25,-56.7,-25.95],"transform":{"y":-4.8287,"skX":-25.4012,"skY":-25.4012,"x":45.8969},"edges":[0,1,1,2,2,3,3,4,4,5,5,6,6,7,7,8,8,9,9,10,10,11,11,12,12,13,13,14,14,15,15,16,16,17,17,18,18,19,19,20,20,21,21,22,22,23,23,24,24,25,25,26,26,27,27,28,28,29,29,30,30,31,31,32,32,33,33,34,34,35,35,36,36,37,37,38,38,39,39,40,40,41,41,42,42,43,43,44,44,45,45,46,46,47,47,48,48,49,49,50,50,51,51,52,52,53,53,54,54,55,55,56,56,57,57,58,58,59,59,60,60,61,61,62,62,63,63,64,64,65,65,66,66,67,67,68,68,69,69,70,70,71,71,72,72,73,73,74,74,75,75,76,76,77,77,78,78,0],"userEdges":[],"path":"Ojo iz","height":90,"name":"Ojo iz","uvs":[0.125,0.23389,0.125,0.33444,0.13311,0.445,0.14527,0.53667,0.16993,0.61722,0.1902,0.68833,0.22095,0.73833,0.26622,0.78556,0.32939,0.82611,0.38074,0.84611,0.42365,0.86667,0.46858,0.88333,0.53818,0.9,0.60777,0.91722,0.65709,0.93,0.70811,0.95,0.76149,0.97056,0.79223,0.98444,0.82466,0.99056,0.85338,0.93,0.87196,0.88667,0.89426,0.84278,0.90676,0.79889,0.88649,0.72833,0.86622,0.68444,0.84155,0.63444,0.8902,0.67722,0.91486,0.715,0.95372,0.76222,0.98074,0.79556,0.99291,0.75556,0.99088,0.70111,0.98446,0.64778,0.9723,0.59389,0.96182,0.55,0.94595,0.49611,0.92128,0.43222,0.89662,0.385,0.86791,0.34833,0.83953,0.31111,0.8125,0.27722,0.78581,0.25056,0.74527,0.22,0.70405,0.19667,0.67128,0.17,0.63074,0.14611,0.59595,0.13278,0.53649,0.09222,0.48716,0.07889,0.45236,0.065,0.41757,0.05889,0.36824,0.045,0.32128,0.03833,0.27635,0.035,0.23378,0.02833,0.19696,0.02167,0.16791,0.015,0.13514,0.015,0.07973,0.01167,0.0348,0.015,0.01216,0.03833,0.01419,0.08167,0.05541,0.09556,0.1027,0.10222,0.13108,0.11278,0.18074,0.12389,0.22128,0.13222,0.25709,0.14278,0.28514,0.14611,0.31486,0.155,0.29831,0.17,0.27601,0.17222,0.25405,0.17389,0.21757,0.18056,0.19865,0.18556,0.17297,0.19611,0.15676,0.20333,0.14054,0.20833,0.11689,0.21167]}],"name":"Ojo iz"},{"display":[{"vertices":[-50.75,-177.8,-29.45,-177.05,-15.5,-177.8,5.85,-177.05,27.9,-178.5,43.3,-178.5,58,-176.3,70.5,-177.05,82.25,-177.05,91.85,-169.7,96.95,-160.9,104.3,-150.6,108.75,-135.15,110.95,-123.4,113.85,-112.35,116.1,-92.55,117.65,-79.25,120.15,-63.2,120.15,-52.55,120.95,-43.1,122.2,-26.25,123,-16.4,123.15,80.05,122.4,111.6,120.9,130.3,119.4,150.5,118.65,166.3,117.9,179.8,-118.9,182.95,-121.15,129.55,-122.45,71.5,-122.45,40.9,-122.1,19.6,-119.9,-0.35,-118.15,-19.85,-116.4,-34.05,-114.85,-46.95,-113.05,-56.05,-111.05,-66.65,-108.75,-76.55,-106.75,-84.65,-104.45,-96.05,-101.7,-103.35,-99.65,-109.45,-98.15,-115,-95.85,-120.85,-93.85,-126.15,-91.3,-132.7,-87.5,-142.85,-83.2,-150.95,-79.15,-156.25,-74.85,-161.3,-69.55,-166.9,-64.2,-171.45,-59.65,-174.7],"edges":[0,1,1,2,2,3,3,4,4,5,5,6,6,7,7,8,8,9,9,10,10,11,11,12,12,13,13,14,14,15,15,16,16,17,17,18,18,19,19,20,20,21,21,22,22,23,23,24,24,25,25,26,26,27,27,28,28,29,29,30,30,31,31,32,32,33,33,34,34,35,35,36,36,37,37,38,38,39,39,40,40,41,41,42,42,43,43,44,44,45,45,46,46,47,47,48,48,49,49,50,50,51,51,52,52,53,53,54,54,0],"path":"Pierna dere","bonePose":[2,0.028537054963277932,0.9995927353147493,-0.9995927353147493,0.028537054963277932,-137.14999999999958,-342.79999999999984,9,0.04039755446278134,0.9991836856121232,-0.9991836856121232,0.04039755446278134,-135.26036820016776,-187.122924643154,1,6.123233995736766e-17,1,-1,6.123233995736766e-17,-28.1,-759.05],"uvs":[0.29453,0.01421,0.38077,0.01626,0.43725,0.01421,0.52368,0.01626,0.61296,0.0123,0.6753,0.0123,0.73482,0.01831,0.78543,0.01626,0.833,0.01626,0.87186,0.03634,0.89251,0.06038,0.92227,0.08852,0.94028,0.13074,0.94919,0.16284,0.96093,0.19303,0.97004,0.24713,0.97632,0.28347,0.98644,0.32732,0.98644,0.35642,0.98968,0.38224,0.99474,0.42828,0.99798,0.45519,0.99858,0.71872,0.99555,0.80492,0.98947,0.85601,0.9834,0.9112,0.98036,0.95437,0.97733,0.99126,0.01862,0.99986,0.00951,0.85396,0.00425,0.69536,0.00425,0.61175,0.00567,0.55355,0.01457,0.49904,0.02166,0.44577,0.02874,0.40697,0.03502,0.37172,0.04231,0.34686,0.0504,0.3179,0.05972,0.29085,0.06781,0.26872,0.07713,0.23757,0.08826,0.21762,0.09656,0.20096,0.10263,0.18579,0.11194,0.16981,0.12004,0.15533,0.13036,0.13743,0.14575,0.1097,0.16316,0.08757,0.17955,0.07309,0.19696,0.05929,0.21842,0.04399,0.24008,0.03156,0.2585,0.02268],"triangles":[30,29,23,34,33,21,33,32,21,30,23,22,31,30,22,21,32,22,32,31,22,35,34,20,20,34,21,29,24,23,19,35,20,18,37,19,37,36,19,36,35,19,29,25,24,16,40,18,40,39,18,39,38,18,38,37,18,16,18,17,29,26,25,3,40,16,29,28,26,26,28,27,15,3,16,14,4,15,4,3,15,42,40,3,5,4,13,13,4,14,12,6,13,6,5,13,11,10,12,10,6,12,43,42,3,9,7,10,7,6,10,8,7,9,2,43,3,45,43,2,1,46,2,46,45,2,47,46,1,41,40,42,44,43,45,50,48,1,48,47,1,51,50,1,49,48,50,0,53,1,53,52,1,52,51,1,54,53,0],"type":"mesh","transform":{"y":-0.0953,"skX":-88.9136,"skY":-88.9136,"x":-10.3},"slotPose":[0.9997700312670683,-0.021444919683804006,0.021444919683804006,0.9997700312670683,-135.58122787603762,-197.41841147323646],"userEdges":[],"width":247,"height":366,"name":"Pierna dere","weights":[2,2,0.9093212256400196,9,0.09067877435998045,1,1,1,1,1,1,1,1,1,1,1,1,1,1,1,1,1,1,1,1,1,1,1,1,1,1,1,1,1,1,1,1,1,1,1,1,2,2,0.7165177392336686,9,0.28348226076633154,2,2,0.6902284416758471,9,0.30977155832415293,2,2,0.648351230690614,9,0.3516487693093861,2,2,0.620248519840296,9,0.37975148015970395,2,2,0.5872329669018888,9,0.4127670330981113,2,2,0.5689841513791594,9,0.4310158486208407,2,2,0.553476329877319,9,0.44652367012268107,2,2,0.530912689009332,9,0.4690873109906682,2,2,0.5212418758423217,9,0.4787581241576783,2,2,0.42648793948623226,9,0.5735120605137678,2,2,0.3634801250362247,9,0.6365198749637754,2,2,0.3240973048529847,9,0.6759026951470153,2,2,0.2841402743165927,9,0.7158597256834073,2,2,0.2616547444083482,9,0.7383452555916518,2,2,0.24872994585136218,9,0.7512700541486379,2,2,0.2593374869025322,9,0.7406625130974678,2,2,0.333808631198546,9,0.666191368801454,2,2,0.43520192264937874,9,0.5647980773506213,2,2,0.4739755244389863,9,0.5260244755610137,2,2,0.48770182774645127,9,0.5122981722535488,2,2,0.4917540552479573,9,0.5082459447520428,2,2,0.505960949703134,9,0.4940390502968659,2,2,0.5243088080574216,9,0.47569119194257825,2,2,0.5460215319427719,9,0.45397846805722797,2,2,0.5644166912418092,9,0.43558330875819085,2,2,0.5880248990951806,9,0.4119751009048193,2,2,0.6123965790979398,9,0.3876034209020601,2,2,0.6334835282263765,9,0.3665164717736234,2,2,0.6629094537670103,9,0.3370905462329896,2,2,0.6846707972994823,9,0.3153292027005176,2,2,0.7023807214910319,9,0.2976192785089681,2,2,0.7174955570828123,9,0.2825044429171875,2,2,0.7350146747031268,9,0.26498532529687324,2,2,0.7504467846870911,9,0.2495532153129088,2,2,0.7693050914043622,9,0.23069490859563785,2,2,0.7969196160095662,9,0.2030803839904338,2,2,0.8203550230091262,9,0.17964497699087378,2,2,0.8368880839437868,9,0.16311191605621325,2,2,0.852014502037832,9,0.14798549796216798,2,2,0.8678893997685646,9,0.13211060023143537,2,2,0.8813727504133982,9,0.11862724958660172,2,2,0.8913935721721056,9,0.10860642782789445]}],"name":"Pierna dere"},{"display":[{"width":147,"triangles":[67,68,69,70,67,69,71,66,67,71,67,70,72,73,66,73,65,66,72,66,71,73,74,65,74,75,64,74,64,65,76,62,63,75,76,64,76,63,64,77,62,76,78,61,77,77,61,62,60,61,78,79,60,78,79,80,60,39,37,38,37,40,36,40,41,36,41,35,36,42,34,35,41,42,35,80,59,60,39,40,37,43,33,34,42,43,34,44,45,33,46,31,33,45,46,33,43,44,33,33,31,32,48,30,31,47,48,31,46,47,31,80,81,59,48,50,30,51,28,29,30,50,29,50,51,29,51,52,26,26,27,28,51,26,28,52,22,26,81,82,59,52,20,22,22,24,26,82,58,59,83,58,82,24,25,26,52,18,20,20,21,22,83,84,58,84,57,58,85,57,84,22,23,24,16,18,52,86,56,85,85,56,57,87,56,86,15,16,52,49,50,48,88,55,87,87,55,56,97,15,52,88,89,55,98,14,15,97,98,15,16,17,18,18,19,20,89,54,55,96,97,52,89,90,54,98,99,14,90,53,54,91,53,90,99,100,14,95,96,52,100,13,14,91,92,52,91,52,53,100,101,13,92,93,52,93,94,52,94,95,52,103,12,13,102,103,13,101,102,13,104,152,103,103,152,12,151,152,104,152,11,12,106,151,104,152,10,11,152,9,10,108,151,106,105,106,104,109,151,108,152,153,9,110,151,109,153,154,8,153,8,9,112,114,151,112,151,111,111,151,110,107,108,106,154,155,8,2,3,7,155,2,7,155,7,8,156,157,2,156,2,155,113,114,112,114,115,151,157,158,2,115,116,151,3,4,7,116,117,151,4,6,7,158,1,2,4,5,6,117,119,151,158,159,1,119,121,151,159,160,1,122,123,150,122,150,151,121,122,151,118,119,117,123,124,149,123,149,150,160,161,1,126,148,149,124,126,149,120,121,119,126,127,148,127,147,148,161,0,1,129,146,147,127,129,147,128,129,127,125,126,124,129,130,146,131,132,145,131,145,146,130,131,146,132,133,145,133,144,145,133,134,144,134,135,144,135,143,144,142,134,143,134,136,143,135,142,143,136,142,143,136,137,142,138,137,142,138,141,142,135,138,142,138,140,141,138,139,140,135,136,142,136,138,142],"type":"mesh","vertices":[-60.4,27.9,-56.75,32.35,-54.6,35.15,-52.1,38.5,-50.1,40.8,-47.8,43.8,-43,43.8,-39.15,42.65,-34.35,41.95,-28.05,40.5,-21.95,39.8,-17.3,38.8,-10,37.35,-2.4,35.65,5.25,34.2,11.7,33,16,32,20.8,31.2,24.45,29.85,29.95,28.7,32.75,26.9,36.75,25.25,39.4,23.55,43.05,21.75,45,18.75,47.35,15.95,49.15,12.45,51.3,8.5,52.3,5.2,52.8,1.7,53.65,-1.95,54.15,-5.25,55.15,-8.9,55.15,-11.9,55.3,-15.35,55.45,-18,55.45,-20.7,55.45,-23.15,55.65,-25.8,54.2,-26.4,52.2,-26.8,49.65,-27.25,47.6,-27.55,45.2,-28,42.85,-28.4,40.65,-28.6,39.05,-28.6,37.05,-28.75,34.25,-28.85,32.15,-29.25,29.8,-29.15,28.15,-29.15,26.2,-29.35,28.85,-30.75,32.7,-31.25,34.8,-31.8,38.1,-32.55,41.6,-32.75,44.85,-33.3,49.4,-33.7,52.7,-34.15,55.65,-34.55,58.65,-35.1,60.75,-35.3,63,-35.95,65.95,-36.25,68.5,-36.65,71.35,-37.7,73.25,-38.7,73.25,-40.35,72.1,-41.65,70.1,-42.8,68.4,-43.65,66.15,-43.95,63.7,-44.3,62.15,-44.2,59.25,-44.2,57.25,-43.95,54.6,-43.75,51.95,-43.85,49.65,-43.65,47.95,-43.55,46.05,-43.55,43.3,-43.25,42,-43.25,40,-43.1,38.3,-43.1,36.2,-43,33.95,-43,31.2,-42.6,29.4,-42.6,25.25,-41.75,20.25,-41,17.05,-40.9,10.45,-39.25,5.15,-37.95,0.9,-37.1,-2.55,-36.4,-6.1,-35.7,-10.15,-34.7,-13.5,-33.8,-17.8,-32.7,-22.05,-31.55,-27,-29.7,-31.85,-27.8,-36.5,-25.85,-38.4,-24.6,-40.55,-23.8,-42.3,-22.85,-44.7,-21.65,-47,-20.35,-48.7,-19.3,-50.4,-18,-52.2,-16.45,-53.4,-15.05,-55.45,-13.4,-57.6,-11.35,-59.15,-9.55,-60.85,-8.3,-61.85,-7.1,-63.05,-5.8,-63.85,-4,-64.6,-2.55,-65.45,-0.9,-66.65,0.9,-67.9,2.8,-68.35,4.3,-68.8,5.3,-69.55,6.85,-69.95,8.7,-70.5,10.15,-70.95,12.05,-71.1,13.55,-71.35,15.25,-71.8,16.7,-71.9,18.45,-72.35,20.45,-72.4,21.8,-72.45,23.6,-72.35,24.85,-71.65,25.6,-69.6,25.95,-66.95,24.65,-64.8,23.2,-62.7,21.35,-60.65,19.3,-58.2,17.3,-56.3,15.6,-54.6,13.75,-52.85,12.05,-51.5,10.8,-50.7,10.25,-50.25,11.65,-50.95,13.25,-52.05,15.15,-53.5,17.35,-54.6,18.7,-55.65,20.4,-56.45,21.95,-57.45,23.25,-58.55,24.95,-59.55,26.55],"transform":{"y":2.4675,"skX":-155.1662,"skY":-155.1662,"x":46.2054},"edges":[0,1,1,2,2,3,3,4,4,5,5,6,6,7,7,8,8,9,9,10,10,11,11,12,12,13,13,14,14,15,15,16,16,17,17,18,18,19,19,20,20,21,21,22,22,23,23,24,24,25,25,26,26,27,27,28,28,29,29,30,30,31,31,32,32,33,33,34,34,35,35,36,36,37,37,38,38,39,39,40,40,41,41,42,42,43,43,44,44,45,45,46,46,47,47,48,48,49,49,50,50,51,51,52,52,53,53,54,54,55,55,56,56,57,57,58,58,59,59,60,60,61,61,62,62,63,63,64,64,65,65,66,66,67,67,68,68,69,69,70,70,71,71,72,72,73,73,74,74,75,75,76,76,77,77,78,78,79,79,80,80,81,81,82,82,83,83,84,84,85,85,86,86,87,87,88,88,89,89,90,90,91,91,92,92,93,93,94,94,95,95,96,96,97,97,98,98,99,99,100,100,101,101,102,102,103,103,104,104,105,105,106,106,107,107,108,108,109,109,110,110,111,111,112,112,113,113,114,114,115,115,116,116,117,117,118,118,119,119,120,120,121,121,122,122,123,123,124,124,125,125,126,126,127,127,128,128,129,129,130,130,131,131,132,132,133,133,134,134,135,135,136,136,137,137,138,138,139,139,140,140,141,141,142,142,143,143,144,144,145,145,146,146,147,147,148,148,149,149,150,150,151,151,152,152,153,153,154,154,155,155,156,156,157,157,158,158,159,159,160,160,161,161,0],"userEdges":[],"path":"Ojo dere","height":90,"name":"Ojo dere","uvs":[0.08912,0.81,0.11395,0.85944,0.12857,0.89056,0.14558,0.92778,0.15918,0.95333,0.17483,0.98667,0.20748,0.98667,0.23367,0.97389,0.26633,0.96611,0.30918,0.95,0.35068,0.94222,0.38231,0.93111,0.43197,0.915,0.48367,0.89611,0.53571,0.88,0.57959,0.86667,0.60884,0.85556,0.6415,0.84667,0.66633,0.83167,0.70374,0.81889,0.72279,0.79889,0.75,0.78056,0.76803,0.76167,0.79286,0.74167,0.80612,0.70833,0.82211,0.67722,0.83435,0.63833,0.84898,0.59444,0.85578,0.55778,0.85918,0.51889,0.86497,0.47833,0.86837,0.44167,0.87517,0.40111,0.87517,0.36778,0.87619,0.32944,0.87721,0.3,0.87721,0.27,0.87721,0.24278,0.87857,0.21333,0.86871,0.20667,0.8551,0.20222,0.83776,0.19722,0.82381,0.19389,0.80748,0.18889,0.7915,0.18444,0.77653,0.18222,0.76565,0.18222,0.75204,0.18056,0.73299,0.17944,0.71871,0.175,0.70272,0.17611,0.6915,0.17611,0.67823,0.17389,0.69626,0.15833,0.72245,0.15278,0.73673,0.14667,0.75918,0.13833,0.78299,0.13611,0.8051,0.13,0.83605,0.12556,0.8585,0.12056,0.87857,0.11611,0.89898,0.11,0.91327,0.10778,0.92857,0.10056,0.94864,0.09722,0.96599,0.09278,0.98537,0.08111,0.9983,0.07,0.9983,0.05167,0.99048,0.03722,0.97687,0.02444,0.96531,0.015,0.95,0.01167,0.93333,0.00778,0.92279,0.00889,0.90306,0.00889,0.88946,0.01167,0.87143,0.01389,0.8534,0.01278,0.83776,0.015,0.82619,0.01611,0.81327,0.01611,0.79456,0.01944,0.78571,0.01944,0.77211,0.02111,0.76054,0.02111,0.74626,0.02222,0.73095,0.02222,0.71224,0.02667,0.7,0.02667,0.67177,0.03611,0.63776,0.04444,0.61599,0.04556,0.57109,0.06389,0.53503,0.07833,0.50612,0.08778,0.48265,0.09556,0.4585,0.10333,0.43095,0.11444,0.40816,0.12444,0.37891,0.13667,0.35,0.14944,0.31633,0.17,0.28333,0.19111,0.2517,0.21278,0.23878,0.22667,0.22415,0.23556,0.21224,0.24611,0.19592,0.25944,0.18027,0.27389,0.16871,0.28556,0.15714,0.3,0.1449,0.31722,0.13673,0.33278,0.12279,0.35111,0.10816,0.37389,0.09762,0.39389,0.08605,0.40778,0.07925,0.42111,0.07109,0.43556,0.06565,0.45556,0.06054,0.47167,0.05476,0.49,0.0466,0.51,0.0381,0.53111,0.03503,0.54778,0.03197,0.55889,0.02687,0.57611,0.02415,0.59667,0.02041,0.61278,0.01735,0.63389,0.01633,0.65056,0.01463,0.66944,0.01156,0.68556,0.01088,0.705,0.00782,0.72722,0.00748,0.74222,0.00714,0.76222,0.00782,0.77611,0.01259,0.78444,0.02653,0.78833,0.04456,0.77389,0.05918,0.75778,0.07347,0.73722,0.08741,0.71444,0.10408,0.69222,0.11701,0.67333,0.12857,0.65278,0.14048,0.63389,0.14966,0.62,0.1551,0.61389,0.15816,0.62944,0.1534,0.64722,0.14592,0.66833,0.13605,0.69278,0.12857,0.70778,0.12143,0.72667,0.11599,0.74389,0.10918,0.75833,0.1017,0.77722,0.0949,0.795]}],"name":"Ojo dere"},{"display":[{"path":"Body","type":"image","name":"Body","transform":{"y":-29.2706,"skX":-90,"skY":-90,"x":121.55}}],"name":"Body"},{"display":[{"vertices":[-115.15,183,117.9,181.35,118.95,154.8,119.5,129.35,121.05,102.75,122.6,76.25,122.6,54.95,123.5,34.6,123.5,7.55,121.05,-18.45,121.6,-37.2,121.05,-52.8,119,-73.6,114.8,-97.05,110.65,-117.3,107.55,-131.9,103.9,-145.95,100.3,-156.35,94.6,-165.2,88.3,-173.5,82.05,-179.25,76.3,-182.85,64.4,-183,53.5,-183,43,-183,32.1,-183,23.3,-183,12.85,-183,2.95,-183,-4.25,-183,-13.1,-183,-23.05,-183,-29.8,-183,-39.2,-183,-47.9,-183,-57.35,-180.25,-63.65,-173.5,-70.35,-169.85,-74.55,-164.15,-79.2,-158.95,-83.8,-151.65,-87.5,-145.4,-91.75,-138.65,-95.85,-130.3,-98.45,-120.45,-101.05,-111.6,-105.8,-93.4,-107.85,-84,-109.95,-72.55,-113.6,-59.05,-115.65,-46.55,-116.7,-34.6,-118.25,-16.4,-118.5,2.1,-118.13,22.12,-117.91,34.24,-117.49,56.7,-117.23,70.82,-116.92,87.26,-116.68,100.67,-116.36,117.64,-116.14,129.4,-115.92,141.71,-115.69,153.97,-115.44,167.47,-115.3,175.12],"edges":[1,2,2,3,3,4,4,5,5,6,6,7,7,8,8,9,9,10,10,11,11,12,12,13,13,14,14,15,15,16,16,17,17,18,18,19,19,20,20,21,21,22,22,23,23,24,24,25,25,26,26,27,27,28,28,29,29,30,30,31,31,32,32,33,33,34,34,35,35,36,36,37,37,38,38,39,39,40,40,41,41,42,42,43,43,44,44,45,45,46,46,47,47,48,48,49,49,50,50,51,51,52,52,53,53,54,54,55,55,56,56,57,57,58,58,59,59,60,60,61,61,62,62,63,63,64,64,65,65,0,0,1],"path":"Pierna Iz","bonePose":[5,9.494107596574926e-16,0.9999999999999999,-0.9999999999999999,9.494107596574926e-16,126.55000000000038,-350.7000000000001,7,9.494107596574926e-16,0.9999999999999999,-0.9999999999999999,9.494107596574926e-16,126.55000000000055,-184.6000000000002,1,6.123233995736766e-17,1,-1,6.123233995736766e-17,-28.1,-759.05],"uvs":[0.03381,1,0.97733,0.99549,0.98158,0.92295,0.98381,0.85342,0.99008,0.78074,0.99636,0.70833,0.99636,0.65014,1,0.59454,1,0.52063,0.99008,0.44959,0.99231,0.39836,0.99008,0.35574,0.98178,0.29891,0.96478,0.23484,0.94798,0.17951,0.93543,0.13962,0.92065,0.10123,0.90607,0.07281,0.883,0.04863,0.85749,0.02596,0.83219,0.01025,0.80891,0.00041,0.76073,0,0.7166,0,0.67409,0,0.62996,0,0.59433,0,0.55202,0,0.51194,0,0.48279,0,0.44696,0,0.40668,0,0.37935,0,0.3413,0,0.30607,0,0.26781,0.00751,0.24231,0.02596,0.21518,0.03593,0.19818,0.0515,0.17935,0.06571,0.16073,0.08566,0.14575,0.10273,0.12854,0.12117,0.11194,0.14399,0.10142,0.1709,0.09089,0.19508,0.07166,0.24481,0.06336,0.27049,0.05486,0.30178,0.04008,0.33866,0.03178,0.37281,0.02753,0.40546,0.02126,0.45519,0.02023,0.50575,0.02173,0.56045,0.02264,0.59356,0.02433,0.65492,0.02539,0.6935,0.02662,0.73842,0.02763,0.77506,0.0289,0.82143,0.02978,0.85355,0.03071,0.88717,0.03163,0.92068,0.03264,0.95758,0.03321,0.97846],"triangles":[9,53,8,53,54,8,55,6,7,8,54,7,54,55,7,58,4,5,57,58,5,57,5,6,56,57,6,55,56,6,50,51,9,52,53,9,48,49,10,50,9,10,49,50,10,48,10,11,12,48,11,58,59,4,60,3,4,59,60,4,51,52,9,47,48,12,60,61,3,62,2,3,61,62,3,13,46,12,46,47,12,64,1,2,63,64,2,62,63,2,28,46,13,65,0,1,64,65,1,27,28,13,14,26,13,26,27,13,24,25,15,15,25,14,25,26,14,45,46,28,16,23,15,23,24,15,29,45,28,17,18,16,18,23,16,22,23,18,19,22,18,20,22,19,44,45,30,30,45,29,21,22,20,31,41,30,41,44,30,40,41,31,32,40,31,42,44,41,36,38,32,38,40,32,33,36,32,39,40,38,43,44,42,34,36,33,35,36,34,37,38,36],"type":"mesh","transform":{"y":9.05,"skX":-90.055,"skY":-90.055,"x":-7.9},"slotPose":[0.9999995388692636,-0.0009603443443353569,0.0009603443443353569,0.9999995388692636,117.50000000000054,-192.5000000000002],"userEdges":[],"width":247,"height":366,"name":"Pierna Iz","weights":[2,5,0.2702747966191071,7,0.729725203380893,2,5,0.2424835542188771,7,0.7575164457811229,2,5,0.26706041870518954,7,0.7329395812948104,2,5,0.3119058684310474,7,0.6880941315689525,2,5,0.36823055537073757,7,0.6317694446292624,2,5,0.42342845825426734,7,0.5765715417457327,2,5,0.4605321220829945,7,0.5394678779170056,2,5,0.4867798636402882,7,0.5132201363597118,2,5,0.5000041905004058,7,0.49999580949959416,2,5,0.5135851114102951,7,0.48641488858970505,2,5,0.5373592349802596,7,0.4626407650197405,2,5,0.5642926761706175,7,0.43570732382938243,2,5,0.6081039114332637,7,0.39189608856673624,2,5,0.6654108180103477,7,0.33458918198965226,2,5,0.7162702134523276,7,0.2837297865476724,2,5,0.7514020115949503,7,0.24859798840504957,2,5,0.7845855529634707,7,0.21541444703652923,2,5,0.8096870544284893,7,0.19031294557151068,2,5,0.8354879525945673,7,0.16451204740543263,1,1,1,1,1,1,1,1,1,1,1,1,1,1,1,1,1,1,1,1,1,1,1,1,1,1,1,1,1,1,1,1,1,1,1,1,1,1,1,1,1,1,1,1,1,1,1,1,1,1,1,1,1,1,1,1,1,1,1,1,1,1,1,2,5,0.7975938466270515,7,0.20240615337294857,1,1,1,2,5,0.756431881784443,7,0.243568118215557,2,5,0.7318475886729835,7,0.26815241132701645,2,5,0.707633725900254,7,0.2923662740997459,2,5,0.6849246632757275,7,0.31507533672427235,2,5,0.6396640799931202,7,0.36033592000687986,2,5,0.6177043920288433,7,0.3822956079711566,2,5,0.5927197713469742,7,0.4072802286530258,2,5,0.5645966267734204,7,0.43540337322657974,2,5,0.5433265242202769,7,0.4566734757797231,2,5,0.5268654203462911,7,0.47313457965370903,2,5,0.5088624310754757,7,0.49113756892452437,2,5,0.5004958556575575,7,0.49950414434244245,2,5,0.4967976500977084,7,0.5032023499022915,2,5,0.48929180402286604,7,0.5107081959771341,2,5,0.4650803066175296,7,0.5349196933824704,2,5,0.4444013407152606,7,0.5555986592847394,2,5,0.41674964579862084,7,0.5832503542013793,2,5,0.3924957322856064,7,0.6075042677143936,2,5,0.361002184985897,7,0.638997815014103,2,5,0.3393260549447957,7,0.6606739450552043,2,5,0.31719632894143057,7,0.6828036710585694,2,5,0.2979789732819073,7,0.7020210267180927,2,5,0.2822312677512752,7,0.7177687322487247,2,5,0.2755924537045502,7,0.7244075462954499]}],"name":"Pierna Iz"},{"display":[{"vertices":[135.5,-205.45,94.35,-178.95,57.45,-152.4,10.4,-121.5,-27.95,-97.85,-67.75,-67,-85.4,-52.25,-101.6,-41.95,-114.85,-33.05,-135.5,-19.85,-154.65,-9.55,-166.4,-2.2,-160.25,5.25,-166,11.4,-175.8,17.7,-183.7,24.4,-189.9,29.7,-194.1,34.4,-197.7,38.95,-194.65,43.65,-206.3,49.4,-217.7,56.7,-228.25,63.95,-241.35,75.9,-242.3,92.3,-243.4,107.4,-242.3,129.9,-243.4,143.1,-239.2,159.3,-233.1,174.6,-221.05,183.75,-203.75,192.75,-175.3,200.9,-156.9,208.5,-137.65,208,-126.55,200,-116.25,191.75,-106.15,182.6,-96.95,173.45,-90.5,180.6,-83.65,174.3,-74.4,165.85,-65.8,158.95,-58.95,152.1,-51.5,146.2,-49.75,150.45,-34.4,139.6,-15.75,126.5,1.05,115.7,32.15,93.75,74.9,65.7,99.85,49.35,124.8,31.45,142.7,21.35,160.5,4.2,183.2,-9.8,197.95,-23.85,219.75,-34.75,238.4,-45.65,245.95,-51.85,240.15,-59.45,235.3,-66.7,227.55,-77.35,222.2,-86.1,215.9,-93.85,210.6,-102.05,204.75,-110.8,198.45,-120.95,192.15,-129.2,185.4,-139.4,179.55,-149.55,172.8,-157.3,166.5,-166.05,161.65,-172.8,154.85,-182,149.05,-190.75,144.75,-199.65,141.3,-204.65],"edges":[0,1,1,2,2,3,3,4,4,5,5,6,6,7,7,8,8,9,9,10,10,11,11,12,12,13,13,14,14,15,15,16,16,17,17,18,18,19,19,20,20,21,21,22,22,23,23,24,24,25,25,26,26,27,27,28,28,29,29,30,30,31,31,32,32,33,33,34,34,35,35,36,36,37,37,38,38,39,39,40,40,41,41,42,42,43,43,44,44,45,45,46,46,47,47,48,48,49,49,50,50,51,51,52,52,53,53,54,54,55,55,56,56,57,57,58,58,59,59,60,60,61,61,62,62,63,63,64,64,65,65,66,66,67,67,68,68,69,69,70,70,71,71,72,72,73,73,74,74,75,75,76,76,77,77,0],"path":"Brazo iz","bonePose":[4,-0.3593670840005301,0.9331962810346792,-0.9331962810346792,-0.3593670840005301,-257.05,-854.5,10,-0.3857097796441932,0.9226201633862271,-0.9226201633862271,-0.3857097796441932,-312.1761724522184,-715.2211516030939,12,-0.3480031834477666,0.9374933516085437,-0.9374933516085437,-0.3480031834477666,-380.079573699642,-556.8197608294289,1,6.123233995736766e-17,1,-1,6.123233995736766e-17,-28.1,-759.05],"uvs":[0.77541,0.00731,0.69177,0.07086,0.61677,0.13453,0.52114,0.20863,0.44319,0.26535,0.3623,0.33933,0.32642,0.3747,0.2935,0.3994,0.26657,0.42074,0.22459,0.4524,0.18567,0.4771,0.16179,0.49472,0.17429,0.51259,0.1626,0.52734,0.14268,0.54245,0.12663,0.55851,0.11402,0.57122,0.10549,0.58249,0.09817,0.59341,0.10437,0.60468,0.08069,0.61847,0.05752,0.63597,0.03608,0.65336,0.00945,0.68201,0.00752,0.72134,0.00528,0.75755,0.00752,0.81151,0.00528,0.84317,0.01382,0.88201,0.02622,0.91871,0.05071,0.94065,0.08587,0.96223,0.1437,0.98177,0.1811,1,0.22022,0.9988,0.24278,0.97962,0.26372,0.95983,0.28425,0.93789,0.30295,0.91595,0.31606,0.93309,0.32998,0.91799,0.34878,0.89772,0.36626,0.88118,0.38018,0.86475,0.39533,0.8506,0.39888,0.86079,0.43008,0.83477,0.46799,0.80336,0.50213,0.77746,0.56535,0.72482,0.65224,0.65755,0.70295,0.61835,0.75366,0.57542,0.79004,0.5512,0.82622,0.51007,0.87236,0.4765,0.90234,0.44281,0.94665,0.41667,0.98455,0.39053,0.9999,0.37566,0.98811,0.35743,0.97825,0.34005,0.9625,0.31451,0.95163,0.29353,0.93882,0.27494,0.92805,0.25528,0.91616,0.23429,0.90335,0.20995,0.89055,0.19017,0.87683,0.16571,0.86494,0.14137,0.85122,0.12278,0.83841,0.1018,0.82856,0.08561,0.81474,0.06355,0.80295,0.04257,0.79421,0.02122,0.7872,0.00923],"triangles":[60,58,59,61,57,58,61,58,60,62,57,61,64,56,63,63,56,62,56,57,62,65,56,64,66,56,65,54,55,68,68,55,67,67,55,66,55,56,66,2,54,68,69,2,68,71,2,69,1,2,71,70,71,69,2,3,54,3,52,54,52,53,54,72,1,71,73,1,72,74,1,73,75,1,74,3,51,52,76,0,75,0,1,75,77,0,76,3,4,51,4,50,51,4,5,50,5,49,50,5,6,49,6,48,49,8,47,48,7,8,48,6,7,48,9,12,44,44,46,47,9,44,47,8,9,47,12,13,44,13,19,43,13,43,44,19,38,43,44,45,46,38,42,43,38,41,42,38,40,41,14,19,13,32,37,38,26,32,38,19,26,38,38,39,40,20,26,19,32,36,37,25,26,20,26,31,32,15,19,14,32,35,36,21,25,20,10,12,9,32,33,35,33,34,35,24,25,21,28,30,31,26,28,31,26,27,28,22,24,21,16,19,15,11,12,10,17,19,16,28,29,30,17,18,19,23,24,22],"type":"mesh","transform":{"y":-18.6464,"skX":-136.3654,"skY":-136.3654,"x":-132.4005},"slotPose":[0.8641520539431671,-0.5032307896639538,0.4658203472668728,0.7999105343454743,-315.9957511197217,-695.2117909022768],"userEdges":[],"width":492,"height":417,"name":"Brazo iz","weights":[1,1,1,3,4,0.8313773452456449,10,0.1333774548083219,12,0.03524519994603315,3,4,0.7390891857453115,10,0.2152297377390494,12,0.045681076515639275,3,4,0.5642757906611198,10,0.3731930412327627,12,0.06253116810611745,3,4,0.45631948351757506,10,0.45741933267155055,12,0.08626118381087446,3,4,0.37235558733337004,10,0.48464341221448515,12,0.1430010004521449,3,4,0.3031542103265148,10,0.5086256050510126,12,0.18822018462247272,3,4,0.24656685617775645,10,0.5122386443342876,12,0.24119449948795604,3,4,0.20356109946588852,10,0.5063640857950809,12,0.29007481473903074,3,4,0.14998045642232563,10,0.4818781241709428,12,0.36814141940673145,3,4,0.11825221800504213,10,0.45578839507084423,12,0.4259593869241137,3,4,0.10274097319956313,12,0.4503258404224053,10,0.4469331863780316,3,4,0.08928617159548537,10,0.4558485488480533,12,0.4548652795564612,3,4,0.07928676276809717,12,0.4672099842001187,10,0.4535032530317841,3,4,0.07201810133603505,12,0.47327846243049576,10,0.45470343623346915,3,4,0.06605318631854983,12,0.47946573021881467,10,0.45448108346263566,3,4,0.06241928388689715,12,0.4893451290224316,10,0.4482355870906712,3,4,0.05919998181665548,12,0.5006064976076566,10,0.44019352057568784,3,4,0.05626007841878979,12,0.5135688206898867,10,0.43017110089132343,3,4,0.0500250078980093,12,0.5227134265204386,10,0.42726156558155215,3,4,0.050797391731299484,12,0.5517121284279287,10,0.3974904798407718,3,4,0.0503007129942051,12,0.5878622020880112,10,0.3618370849177837,3,4,0.049477551828665714,12,0.6233082931572564,10,0.3272141550140779,3,4,0.04604139189628331,12,0.6778221424333027,10,0.27613646567041406,3,4,0.03456565643392654,12,0.7516965336037845,10,0.2137378099622889,3,4,0.02639592843001985,12,0.8108651707312589,10,0.16273890083872128,3,4,0.018023837612213687,12,0.8730860518099122,10,0.10889011057787423,3,4,0.01781002522340576,12,0.8797215352115648,10,0.10246843956502952,3,4,0.017590215706849172,12,0.8841120758185893,10,0.09829770847456147,3,4,0.020052523828187816,12,0.8714681396855242,10,0.10847933648628795,3,4,0.020696137978177372,12,0.865116023179424,10,0.1141878388423987,3,4,0.024852194782922166,12,0.8347374751082561,10,0.14041033010882165,3,4,0.03882588828223434,12,0.7382529286666706,10,0.22292118305109498,3,4,0.055235574336258475,12,0.649486707568115,10,0.29527771809562664,3,4,0.06942045278581528,12,0.5736078564959968,10,0.3569716907181879,3,4,0.07287292733493295,12,0.5385271948350732,10,0.38859987782999394,3,4,0.07594854426141538,12,0.5082552664431108,10,0.41579618929547385,3,4,0.07894587126891481,12,0.4820765675807231,10,0.4389775611503621,3,4,0.08217065070009227,12,0.46287328698307073,10,0.45495606231683694,3,4,0.09601259119812075,12,0.45331493393910544,10,0.4506724748627739,3,4,0.10081666192606685,10,0.45442382777923207,12,0.4447595102947012,3,4,0.10916164047979303,10,0.4538005949666834,12,0.43703776455352356,3,4,0.1196349301467617,10,0.45467975830306,12,0.42568531155017836,3,4,0.12903959400894174,10,0.45976363025805334,12,0.41119677573300495,3,4,0.14233565597707054,10,0.46581353031452916,12,0.39185081370840036,3,4,0.1483400598699538,10,0.4588882614915554,12,0.3927716786384908,3,4,0.18266183266184158,10,0.4692235624556183,12,0.3481146048825402,3,4,0.23527388483860295,10,0.4777912935365685,12,0.2869348216248286,3,4,0.28974982971915425,10,0.4748486154934145,12,0.23540155478743108,3,4,0.3921500094297896,10,0.4534710402365065,12,0.15437895033370394,3,4,0.45692381373692287,10,0.44403646537887614,12,0.0990397208842011,3,4,0.4801722963410634,10,0.4313983841037919,12,0.0884293195551448,3,4,0.5282840558390836,10,0.3894814373787255,12,0.08223450678219094,1,1,1,1,1,1,1,1,1,1,1,1,1,1,1,1,1,1,1,1,1,1,1,1,1,1,1,1,1,1,1,1,1,1,1,1,1,1,1,1,1,1,1,1,1,1,1,1,1,1,1,1,1,1,1,1,1,1,1,1,1,1,1,1,1,1,1,1,1,1,1,1,3,12,0.03,4,0.86,10,0.11]}],"name":"Brazo iz"},{"display":[{"vertices":[-220.1,-31.95,-211.65,-45,-203.15,-55.7,-195.25,-69.25,-184.55,-83.9,-168.7,-102,-150.65,-127.4,-138.8,-142.05,-130.35,-158.45,-120.15,-169.75,-111.7,-182.7,26.5,-82.95,177.4,23.5,172.1,30.2,224.05,67.25,221.9,70.15,251.45,89.05,254.9,93.45,256.6,97.4,259.3,103.5,261,108.4,262,115.15,260.8,128.7,258.95,153.2,257.65,172.4,256.4,181.2,254.2,186.15,252,192.25,248.55,196.25,244.45,200.7,240.35,204.45,231.55,206.6,168.95,229.25,161.05,228.95,155.75,225.9,149.1,223.95,131.5,209.85,128.65,214.9,76.8,177.6,73.1,183.7,-90.15,65.05,46.69,-68.71,63.91,-56.56,76.75,-47.5,90.62,-37.72,103.82,-28.4,116.81,-19.24,132.29,-8.32,147.06,2.1,158.49,10.16,-71.49,78.61,-53.53,91.67,-38.51,102.58,-26.2,111.53,-11.61,122.13,1.98,132.01,16.98,142.91,28.79,151.49,44.31,162.77,58.76,173.28,98.89,193.49,116.55,206.2,-122.5,39.92,-147.46,20.53,6.16,-98.2,-13.33,-112.81,-32.83,-127.44,-51.94,-141.76,-72.17,-156.93],"edges":[0,1,1,2,2,3,3,4,4,5,5,6,6,7,7,8,8,9,9,10,12,13,13,14,14,15,15,16,16,17,17,18,18,19,19,20,20,21,21,22,22,23,23,24,24,25,25,26,26,27,27,28,28,29,29,30,30,31,31,32,32,33,33,34,34,35,35,36,36,37,38,39,11,41,41,42,42,43,43,44,44,45,45,46,46,47,47,48,48,49,49,12,50,40,51,50,52,51,53,52,54,53,55,54,56,55,57,56,58,57,39,59,59,58,60,38,37,61,61,60,40,62,62,63,63,0,64,11,65,64,66,65,67,66,10,68,68,67],"path":"Brazo dere","bonePose":[6,0.3555896067834701,0.9346421943971804,-0.9346421943971804,0.3555896067834701,230.6500000000001,-837.8000000000003,13,0.3901657228797213,0.9207446490149938,-0.9207446490149938,0.3901657228797213,282.5700107498786,-701.3474991664409,14,0.3917607542026881,0.9200671233483677,-0.9200671233483677,0.3917607542026881,345.3168596976438,-553.272406908741,1,6.123233995736766e-17,1,-1,6.123233995736766e-17,-28.1,-759.05],"uvs":[0.07996,0.43735,0.09609,0.41176,0.11231,0.39078,0.12739,0.36422,0.14781,0.33549,0.17805,0.3,0.2125,0.2502,0.23511,0.22147,0.25124,0.18931,0.27071,0.16716,0.28683,0.14176,0.55057,0.33735,0.83855,0.54608,0.82844,0.55922,0.92758,0.63186,0.92347,0.63755,0.97987,0.67461,0.98645,0.68324,0.98969,0.69098,0.99485,0.70294,0.99809,0.71255,1,0.72578,0.99771,0.75235,0.99418,0.80039,0.9917,0.83804,0.98931,0.85529,0.98511,0.865,0.98092,0.87696,0.97433,0.8848,0.96651,0.89353,0.95868,0.90088,0.94189,0.9051,0.82242,0.94951,0.80735,0.94892,0.79723,0.94294,0.78454,0.93912,0.75095,0.91147,0.74552,0.92137,0.64656,0.84824,0.6395,0.8602,0.32796,0.62755,0.5891,0.36528,0.62196,0.38909,0.64647,0.40686,0.67294,0.42604,0.69814,0.44431,0.72292,0.46227,0.75247,0.48369,0.78065,0.50411,0.80245,0.51992,0.36357,0.65414,0.39785,0.67974,0.4265,0.70113,0.45,0.71868,0.47784,0.73947,0.50379,0.75885,0.5324,0.78022,0.55494,0.79705,0.58455,0.81916,0.61214,0.83976,0.68873,0.8794,0.72243,0.90431,0.26857,0.58201,0.22275,0.54687,0.51034,0.30752,0.47179,0.27893,0.43321,0.25032,0.39542,0.22229,0.3554,0.19262],"triangles":[20,19,21,19,22,21,18,16,22,16,15,22,19,18,22,15,23,22,36,31,23,15,36,23,31,24,23,26,25,24,31,26,24,17,16,18,28,27,26,31,28,26,31,29,28,36,32,31,31,30,29,36,34,32,60,36,15,13,60,15,38,60,13,13,15,14,60,61,36,47,57,48,36,35,34,34,33,32,48,57,13,57,58,13,58,38,13,49,13,12,56,57,47,49,48,13,46,56,47,55,56,46,45,55,46,44,54,45,54,55,45,53,54,44,61,37,36,58,59,38,52,53,43,43,53,44,51,52,42,42,52,43,41,51,42,11,50,41,50,51,41,59,39,38,40,50,11,64,40,11,62,40,64,65,62,64,63,62,65,66,63,65,5,63,66,67,6,66,6,5,66,7,6,67,5,4,63,68,7,67,8,7,68,4,3,63,9,8,68,10,9,68,3,2,63,2,1,63,1,0,63],"type":"mesh","transform":{"y":4.6131,"skX":-39.2536,"skY":-39.2536,"x":-180.6163},"slotPose":[0.8829239942010156,0.46951594271560626,-0.46951594271560626,0.8829239942010156,272.9195184350594,-718.7270714218955],"userEdges":[],"width":524,"height":510,"name":"Brazo dere","weights":[2,6,0.7591740001963639,13,0.24082599980363611,1,1,1,1,1,1,1,1,1,1,1,1,1,1,1,1,1,1,1,1,1,1,1,1,1,1,1,1,1,1,3,6,0.5555202117990773,13,0.3801454763336593,14,0.06433431186726347,3,6,0.14151963225531672,13,0.4495680069463936,14,0.4089123607982897,3,6,0.1262903903511729,13,0.4615334194771026,14,0.4121761901717246,3,6,0.0801032968574361,14,0.4968611136584214,13,0.4230355894841425,3,6,0.07534375794231189,14,0.5027874466889473,13,0.4218687953687408,3,6,0.07143119784405645,14,0.5805356951037333,13,0.3480331070522103,3,6,0.06892197027055035,14,0.5981362713882248,13,0.33294175834122486,3,6,0.06600169993638473,14,0.6141066485372498,13,0.3198916515263655,3,6,0.061634898369845356,14,0.6396416576783367,13,0.29872344395181794,3,6,0.057963950887327996,14,0.6608338535577353,13,0.28120219555493675,2,14,0.7295642838445088,13,0.2704357161554913,2,14,0.7895040794772881,13,0.21049592052271193,2,14,0.8832182212341048,13,0.11678177876589527,2,14,0.9208409943000102,13,0.07915900569998977,2,14,0.9274773541808372,13,0.07252264581916279,2,14,0.9318043042395526,13,0.06819569576044739,2,14,0.9323669217663003,13,0.06763307823369973,2,14,0.9349612643750745,13,0.06503873562492553,2,14,0.9354692648549882,13,0.06453073514501181,2,14,0.9342916699472484,13,0.06570833005275156,2,14,0.9381401174537797,13,0.061859882546220345,2,14,0.7300651957921166,13,0.26993480420788335,3,6,0.05860093924150948,14,0.657224027330551,13,0.28417503342793965,3,6,0.060802654905465124,14,0.6375793737396108,13,0.30161797135492413,3,6,0.06494867512892358,14,0.6114060711054218,13,0.32364525376565473,3,6,0.06995748277501103,14,0.5495124825453673,13,0.3805300346796215,3,6,0.07649041439159329,14,0.5391091160904335,13,0.38440046951797324,3,6,0.11811813798068807,13,0.4428070573700577,14,0.4390748046492542,3,6,0.12849194113301501,13,0.43698797356595775,14,0.4345200853010272,3,6,0.4847081582918073,13,0.4083614120771563,14,0.10693042963103637,3,6,0.4861269274431947,13,0.4399160282926405,14,0.07395704426416497,3,6,0.451090914824548,13,0.4612747411088701,14,0.08763434406658187,3,6,0.43736570342891545,13,0.4589978924464068,14,0.10363640412467781,3,6,0.4072466476434961,13,0.46457921144692393,14,0.12817414090957993,3,6,0.36581340398681295,13,0.47470538929967476,14,0.15948120671351232,3,6,0.31924963897656866,13,0.48299987027932034,14,0.197750490744111,3,6,0.2634632023527214,13,0.4851157803467074,14,0.25142101730057104,3,6,0.21512124202627417,13,0.4777063848124676,14,0.3071723731612582,3,6,0.18296338153284977,13,0.4673641670038531,14,0.34967245146329723,3,6,0.45579467193547457,13,0.4278469697367377,14,0.11635835832778764,3,6,0.4401239846750821,13,0.429000332277309,14,0.13087568304760883,3,6,0.425196109403717,13,0.42474959333824835,14,0.1500542972580346,3,6,0.40141589445721093,13,0.42720291226796037,14,0.1713811932748287,3,6,0.36221700720516875,13,0.434067363868698,14,0.20371562892613326,3,6,0.31888350170302004,13,0.44070434372671596,14,0.24041215457026388,3,6,0.2688507729967453,13,0.4447023449355132,14,0.28644688206774166,3,6,0.23108766374979142,13,0.44430193481803265,14,0.32461040143217595,3,6,0.1870754940779396,13,0.4401131329509383,14,0.37281137297112205,3,6,0.15374101027782722,13,0.43607900980738984,14,0.4101799799147828,3,6,0.09333304390812355,14,0.46342354357217014,13,0.4432434125197064,3,6,0.08198515919635756,14,0.5030352685898573,13,0.4149795722137852,2,6,0.6143924858347105,13,0.3856075141652895,2,6,0.6727590533543966,13,0.32724094664560344,3,6,0.6372251504325945,13,0.3052465356119829,14,0.05752831395542263,2,6,0.7483098905441058,13,0.2516901094558942,2,6,0.8069858885868952,13,0.19301411141310476,2,6,0.8502751208048919,13,0.14972487919510816,1,1,1]}],"name":"Brazo dere"},{"display":[{"vertices":[-233.57,42.99,-231.07,20.54,-229.02,3.59,-225.82,-20.31,-222.17,-39.01,-219.02,-60.01,-215.37,-76.46,-213.52,-99.26,-210.77,-116.61,-208.07,-137.61,-205.77,-157.76,-203.47,-173.71,-202.12,-186.91,-198.92,-203.31,-196.62,-224.31,-194.82,-241.21,-192.07,-252.61,-190.72,-264.01,-175.67,-279.61,-160.57,-293.21,-143.72,-306.91,-126.37,-320.66,-112.22,-332.01,-95.77,-344.81,-81.17,-353.46,-62.37,-366.21,-39.57,-376.26,-18.67,-385.86,-4.02,-393.16,9.63,-398.16,25.58,-404.56,40.68,-408.66,59.48,-414.16,75.43,-417.36,91.43,-420.06,108.18,-422.31,119.13,-424.16,133.78,-425.56,144.73,-426.91,158.38,-427.36,174.03,-426.01,185.33,-426.91,199.93,-424.66,211.88,-423.71,226.83,-421.01,242.48,-417.36,254.68,-412.81,272.48,-408.76,289.38,-402.31,300.33,-397.76,314.03,-393.16,324.98,-387.31,335.03,-381.76,339.13,-371.71,345.98,-359.41,351.93,-347.56,360.58,-334.76,362.88,-327.01,389.78,-320.56,413.08,-314.76,430.43,-308.26,444.88,-280.36,452.73,-266.21,464.18,-246.61,473.63,-232.06,480.58,-218.81,486.08,-210.16,491.43,-199.21,499.78,-187.26,506.08,-175.91,512.88,-164.46,518.03,-156.76,522.03,-147.16,528.03,-138.51,533.53,-128.36,537.18,-122.51,541.63,-114.76,544.93,-109.76,537.98,-99.66,533.98,-84.21,528.53,-72.71,527.53,-60.91,523.48,-47.21,521.68,-30.81,518.88,-16.21,516.18,-6.16,515.73,4.79,514.83,19.39,513.48,33.04,512.58,42.64,511.63,53.14,512.58,61.29,513.48,73.24,514.83,83.74,514.83,93.69,516.68,104.69,518.03,115.14,522.63,127.49,525.78,139.84,528.08,148.09,531.28,156.24,534.93,162.69,538.13,171.79,544.48,182.29,542.18,192.79,539.03,206.04,536.28,218.79,531.18,227.04,526.23,238.44,521.23,248.94,518.03,255.34,512.08,264.44,508.43,273.14,503.43,280.89,499.78,288.64,496.13,296.94,492.08,303.74,488.83,311.94,484.78,320.14,481.13,327.89,476.08,336.14,474.23,344.79,469.68,353.94,466.53,359.44,465.58,365.34,437.23,360.79,408.03,355.29,396.18,354.39,380.23,351.64,359.23,346.7,349.18,343.5,338.68,341.65,327.28,339.35,319.53,343.4,312.68,348.9,303.43,354.55,295.88,360.65,289.38,363.55,281.88,367.5,275.78,371.05,267.53,377.15,261.43,380.4,254.63,383.65,246.08,387.95,237.83,391.15,228.03,396.9,215.13,401.95,203.23,406.95,191.03,410.2,177.83,414.15,169.18,415.2,158.08,418.05,149.13,419.85,140.13,422,132.63,422.4,125.78,423.45,117.48,423.8,110.73,424.15,101.03,424.9,92.43,424.9,85.28,424.9,78.43,423.85,70.53,423.85,63.03,422.75,55.13,422.05,47.93,420.95,39.33,420.25,32.88,418.45,26.08,416.3,18.88,414.5,10.28,412.7,-2.62,408.4,-17.32,401.25,-27.72,397.3,-40.32,389.4,-48.57,384.75,-57.52,379.7,-65.47,373.25,-72.87,369.3,-81.92,361.4,-87.32,355.3,-94.17,350.3,-101.67,344.2,-108.12,335.55,-117.07,328.75,-123.52,321.9,-129.27,316.89,-135.02,310.44,-140.42,304.34,-145.77,297.49,-149.37,293.19,-154.37,288.89,-158.67,282.79,-162.27,276.34,-167.32,269.54,-171.62,264.49,-174.82,258.39,-179.52,252.69,-182.32,245.84,-189.12,237.19,-193.47,230.79,-197.37,223.94,-201.02,218.19,-206.02,212.09,-209.97,206.39,-214.27,197.04,-217.17,203.89,-221.87,208.54,-228.67,211.44,-233.67,214.64,-240.52,216.79,-247.32,218.59,-254.52,220.39,-261.32,223.64,-272.07,228.64,-282.12,230.09,-294.62,232.24,-303.57,234.44,-320.12,238.34,-332.27,240.84,-343.77,242.29,-354.92,243.39,-364.92,245.14,-371.82,246.59,-380.42,248.09,-389.02,248.79,-399.72,249.49,-405.82,250.54,-419.17,250.89,-429.52,252.34,-436.02,253.79,-444.97,253.79,-455.77,254.49,-449.67,246.59,-444.57,241.24,-438.87,235.49,-432.77,227.94,-425.57,220.39,-418.42,210.74,-410.17,201.39,-404.07,195.64,-398.72,188.49,-391.87,181.64,-388.62,177.69,-375.37,177.34,-362.77,175.54,-354.22,174.14,-346.32,173.09,-340.22,173.09,-331.97,171.99,-325.87,171.59,-317.92,171.24,-310.07,169.84,-304.37,169.84,-295.32,168.74,-289.22,168.39,-282.82,167.69,-276.72,166.59,-269.92,165.49,-262.67,165.49,-257.72,164.44,-261.27,157.99,-264.12,153.29,-267.02,149.39,-272.77,147.59,-280.97,145.04,-293.57,142.19,-301.82,139.74,-310.07,137.54,-319.77,135.04,-326.22,133.24,-332.27,132.49,-340.22,131.79,-345.62,131.49,-353.87,130.34,-362.07,129.29,-369.57,129.29,-376.82,129.29,-386.17,130.69,-392.97,129.99,-401.57,129.29,-408.37,130.69,-413.42,131.49,-419.17,132.49,-426.67,132.84,-430.62,134.64,-436.02,136.79,-442.82,138.94,-448.22,142.54,-454.67,146.84,-461.12,152.24,-468.32,155.09,-472.97,158.69,-476.22,162.64,-480.52,166.99,-484.77,171.99,-485.17,176.29,-488.42,181.64,-491.27,188.14,-492.72,193.54,-495.22,198.54,-497.37,202.49,-503.82,196.69,-507.77,191.69,-512.82,187.39,-517.47,182.69,-522.47,177.34,-526.82,172.24,-531.12,167.99,-534.32,164.39,-538.27,160.44,-538.62,153.29,-535.07,145.69,-531.82,140.39,-527.87,136.04,-524.27,131.34,-520.32,124.54,-514.97,120.64,-508.87,117.04,-504.57,113.44,-499.17,109.89,-493.42,105.94,-488.07,102.34,-483.72,99.84,-478.72,96.94,-472.97,94.79,-466.87,91.94,-461.12,89.74,-453.27,87.29,-448.22,86.19,-440.67,84.34,-434.57,83.34,-428.12,82.24,-422.37,81.19,-414.12,80.44,-406.22,79.74,-393.32,79.04,-383.27,77.94,-372.52,78.24,-360.67,78.24,-355.67,78.64,-349.57,79.39,-336.27,79.39,-324.22,80.49,-310.22,83.74,-301.72,83.74,-293.62,85.89,-287.72,87.49,-279.17,79.99,-272.22,74.59,-265.77,68.74,-259.87,63.34,-251.32,60.14,-246.47,53.69,-240.02,47.79],"edges":[0,1,1,2,2,3,3,4,4,5,5,6,6,7,7,8,8,9,9,10,10,11,11,12,12,13,13,14,14,15,15,16,16,17,17,18,18,19,19,20,20,21,21,22,22,23,23,24,24,25,25,26,26,27,27,28,28,29,29,30,30,31,31,32,32,33,33,34,34,35,35,36,36,37,37,38,38,39,39,40,40,41,41,42,42,43,43,44,44,45,45,46,46,47,47,48,48,49,49,50,50,51,51,52,52,53,53,54,54,55,55,56,56,57,57,58,58,59,59,60,60,61,61,62,62,63,63,64,64,65,65,66,66,67,67,68,68,69,69,70,70,71,71,72,72,73,73,74,74,75,75,76,76,77,77,78,78,79,79,80,80,81,81,82,82,83,83,84,84,85,85,86,86,87,87,88,88,89,89,90,90,91,91,92,92,93,93,94,94,95,95,96,96,97,97,98,98,99,99,100,100,101,101,102,102,103,103,104,104,105,105,106,106,107,107,108,108,109,109,110,110,111,111,112,112,113,113,114,114,115,115,116,116,117,117,118,118,119,119,120,120,121,121,122,122,123,123,124,124,125,125,126,126,127,127,128,128,129,129,130,130,131,131,132,132,133,133,134,134,135,135,136,136,137,137,138,138,139,139,140,140,141,141,142,142,143,143,144,144,145,145,146,146,147,147,148,148,149,149,150,150,151,151,152,152,153,153,154,154,155,155,156,156,157,157,158,158,159,159,160,160,161,161,162,162,163,163,164,164,165,165,166,166,167,167,168,168,169,169,170,170,171,171,172,172,173,173,174,174,175,175,176,176,177,177,178,178,179,179,180,180,181,181,182,182,183,183,184,184,185,185,186,186,187,187,188,188,189,189,190,190,191,191,192,192,193,193,194,194,195,195,196,196,197,197,198,198,199,199,200,200,201,201,202,202,203,203,204,204,205,205,206,206,207,207,208,208,209,209,210,210,211,211,212,212,213,213,214,214,215,215,216,216,217,217,218,218,219,219,220,220,221,221,222,222,223,223,224,224,225,225,226,226,227,227,228,228,229,229,230,230,231,231,232,232,233,233,234,234,235,235,236,236,237,237,238,238,239,239,240,240,241,241,242,242,243,243,244,244,245,245,246,246,247,247,248,248,249,249,250,250,251,251,252,252,253,253,254,254,255,255,256,256,257,257,258,258,259,259,260,260,261,261,262,262,263,263,264,264,265,265,266,266,267,267,268,268,269,269,270,270,271,271,272,272,273,273,274,274,275,275,276,276,277,277,278,278,279,279,280,280,281,281,282,282,283,283,284,284,285,285,286,286,287,287,288,288,289,289,290,290,291,291,292,292,293,293,294,294,295,295,296,296,297,297,298,298,299,299,300,300,301,301,302,302,303,303,304,304,305,305,306,306,307,307,308,308,309,309,310,310,311,311,312,312,313,313,314,314,315,315,316,316,317,317,318,318,319,319,320,320,321,321,322,322,323,323,324,324,325,325,326,326,327,327,328,328,329,329,330,330,331,331,332,332,333,333,334,334,335,335,336,336,337,337,338,338,339,339,340,340,341,341,342,342,343,343,344,344,345,345,346,346,347,347,348,348,349,349,350,350,351,351,352,352,353,353,354,354,0],"path":"Cabeza","bonePose":[3,0.014484629365932478,-0.9998950922532479,0.9998950922532479,0.014484629365932478,-5.300000000000438,-954.6499999999999,8,0.9033729031526806,0.42885591735394946,-0.42885591735394946,0.9033729031526806,-174.45,-1155.9500000000003,11,-0.9074842506269762,0.4200861041072357,-0.4200861041072357,-0.9074842506269762,147.04999999999998,-1162.8000000000002,1,6.123233995736766e-17,1,-1,6.123233995736766e-17,-28.1,-759.05],"uvs":[0.2833,0.55023,0.2856,0.52401,0.28749,0.50421,0.29043,0.47629,0.29379,0.45444,0.29669,0.42991,0.30005,0.41069,0.30175,0.38405,0.30428,0.36379,0.30676,0.33925,0.30888,0.31571,0.31099,0.29708,0.31224,0.28166,0.31518,0.2625,0.3173,0.23797,0.31895,0.21822,0.32148,0.20491,0.32272,0.19159,0.33657,0.17336,0.35046,0.15748,0.36596,0.14147,0.38192,0.12541,0.39494,0.11215,0.41007,0.0972,0.42351,0.08709,0.4408,0.0722,0.46178,0.06046,0.481,0.04924,0.49448,0.04071,0.50704,0.03487,0.52171,0.02739,0.5356,0.02261,0.5529,0.01618,0.56757,0.01244,0.58229,0.00929,0.5977,0.00666,0.60777,0.0045,0.62125,0.00286,0.63132,0.00129,0.64388,0.00076,0.65828,0.00234,0.66868,0.00129,0.68211,0.00391,0.6931,0.00502,0.70685,0.00818,0.72125,0.01244,0.73247,0.01776,0.74885,0.02249,0.7644,0.03002,0.77447,0.03534,0.78707,0.04071,0.79715,0.04755,0.80639,0.05403,0.81017,0.06577,0.81647,0.08014,0.82194,0.09398,0.8299,0.10894,0.83201,0.11799,0.85676,0.12553,0.8782,0.1323,0.89416,0.13989,0.90745,0.17249,0.91467,0.18902,0.92521,0.21192,0.9339,0.22891,0.94029,0.24439,0.94535,0.2545,0.95028,0.26729,0.95796,0.28125,0.96375,0.29451,0.97001,0.30789,0.97475,0.31688,0.97843,0.3281,0.98395,0.3382,0.98901,0.35006,0.99236,0.35689,0.99646,0.36595,0.99949,0.37179,0.9931,0.38359,0.98942,0.40164,0.98441,0.41507,0.98349,0.42886,0.97976,0.44486,0.9781,0.46402,0.97553,0.48107,0.97305,0.49282,0.97263,0.50561,0.9718,0.52266,0.97056,0.53861,0.96973,0.54982,0.96886,0.56209,0.96973,0.57161,0.97056,0.58557,0.9718,0.59784,0.9718,0.60946,0.97351,0.62231,0.97475,0.63452,0.97898,0.64895,0.98188,0.66338,0.98399,0.67301,0.98694,0.68254,0.99029,0.69007,0.99324,0.7007,0.99908,0.71297,0.99696,0.72523,0.99407,0.74071,0.99154,0.75561,0.98684,0.76525,0.98229,0.77856,0.97769,0.79083,0.97475,0.79831,0.96927,0.80894,0.96592,0.8191,0.96132,0.82815,0.95796,0.83721,0.9546,0.8469,0.95087,0.85485,0.94788,0.86443,0.94416,0.87401,0.9408,0.88306,0.93615,0.8927,0.93445,0.9028,0.93027,0.91349,0.92737,0.91992,0.92649,0.92681,0.90041,0.9215,0.87355,0.91507,0.86265,0.91402,0.84798,0.91081,0.82866,0.90502,0.81941,0.90129,0.80975,0.89912,0.79926,0.89644,0.79213,0.90117,0.78583,0.90759,0.77732,0.91419,0.77038,0.92132,0.7644,0.92471,0.7575,0.92932,0.75189,0.93347,0.7443,0.9406,0.73868,0.94439,0.73243,0.94819,0.72456,0.95321,0.71697,0.95695,0.70796,0.96367,0.69609,0.96957,0.68514,0.97541,0.67392,0.97921,0.66178,0.98382,0.65382,0.98505,0.64361,0.98838,0.63537,0.99048,0.62709,0.99299,0.62019,0.99346,0.61389,0.99468,0.60626,0.99509,0.60005,0.9955,0.59112,0.99638,0.58321,0.99638,0.57663,0.99638,0.57033,0.99515,0.56306,0.99515,0.55616,0.99387,0.5489,0.99305,0.54227,0.99176,0.53436,0.99095,0.52843,0.98884,0.52217,0.98633,0.51555,0.98423,0.50764,0.98213,0.49577,0.9771,0.48224,0.96875,0.47268,0.96414,0.46109,0.95491,0.4535,0.94947,0.44526,0.94357,0.43795,0.93604,0.43114,0.93143,0.42282,0.9222,0.41785,0.91507,0.41155,0.90923,0.40465,0.9021,0.39871,0.892,0.39048,0.88405,0.38454,0.87605,0.37925,0.87021,0.37397,0.86268,0.369,0.85555,0.36408,0.84755,0.36076,0.84252,0.35616,0.8375,0.35221,0.83037,0.3489,0.82284,0.34425,0.81489,0.34029,0.809,0.33735,0.80187,0.33303,0.79521,0.33045,0.78721,0.3242,0.7771,0.32019,0.76963,0.31661,0.76162,0.31325,0.75491,0.30865,0.74778,0.30501,0.74112,0.30106,0.7302,0.29839,0.7382,0.29407,0.74363,0.28781,0.74702,0.28321,0.75076,0.27691,0.75327,0.27065,0.75537,0.26403,0.75748,0.25777,0.76127,0.24788,0.76711,0.23864,0.76881,0.22714,0.77132,0.21891,0.77389,0.20368,0.77845,0.1925,0.78137,0.18192,0.78306,0.17167,0.78435,0.16247,0.78639,0.15612,0.78808,0.14821,0.78984,0.14029,0.79065,0.13045,0.79147,0.12484,0.7927,0.11256,0.79311,0.10304,0.7948,0.09706,0.7965,0.08882,0.7965,0.07889,0.79731,0.0845,0.78808,0.08919,0.78183,0.09443,0.77512,0.10005,0.7663,0.10667,0.75748,0.11325,0.7462,0.12084,0.73528,0.12645,0.72856,0.13137,0.72021,0.13767,0.71221,0.14066,0.70759,0.15285,0.70718,0.16444,0.70508,0.17231,0.70345,0.17958,0.70222,0.18519,0.70222,0.19278,0.70093,0.19839,0.70047,0.2057,0.70006,0.21293,0.69842,0.21817,0.69842,0.22649,0.69714,0.23211,0.69673,0.23799,0.69591,0.24361,0.69463,0.24986,0.69334,0.25653,0.69334,0.26109,0.69211,0.25782,0.68458,0.2552,0.67909,0.25253,0.67453,0.24724,0.67243,0.2397,0.66945,0.2281,0.66612,0.22052,0.66326,0.21293,0.66069,0.204,0.65777,0.19807,0.65567,0.1925,0.65479,0.18519,0.65397,0.18022,0.65362,0.17263,0.65228,0.16509,0.65105,0.15819,0.65105,0.15152,0.65105,0.14292,0.65269,0.13666,0.65187,0.12875,0.65105,0.12249,0.65269,0.11785,0.65362,0.11256,0.65479,0.10566,0.6552,0.10202,0.6573,0.09706,0.65981,0.0908,0.66232,0.08583,0.66653,0.0799,0.67155,0.07397,0.67786,0.06734,0.68119,0.06306,0.6854,0.06007,0.69001,0.05612,0.69509,0.05221,0.70093,0.05184,0.70596,0.04885,0.71221,0.04623,0.7198,0.04489,0.72611,0.04259,0.73195,0.04062,0.73657,0.03468,0.72979,0.03105,0.72395,0.0264,0.71893,0.02213,0.71343,0.01753,0.70718,0.01352,0.70123,0.00957,0.69626,0.00662,0.69206,0.00299,0.68744,0.00267,0.67909,0.00593,0.67021,0.00892,0.66402,0.01256,0.65894,0.01587,0.65345,0.0195,0.6455,0.02443,0.64095,0.03004,0.63674,0.03399,0.63254,0.03896,0.62839,0.04425,0.62377,0.04917,0.61957,0.05317,0.61665,0.05777,0.61326,0.06306,0.61075,0.06868,0.60742,0.07397,0.60485,0.08119,0.60199,0.08583,0.6007,0.09278,0.59854,0.09839,0.59737,0.10432,0.59609,0.10961,0.59486,0.1172,0.59398,0.12447,0.59317,0.13634,0.59235,0.14558,0.59106,0.15547,0.59141,0.16638,0.59141,0.17098,0.59188,0.17659,0.59276,0.18882,0.59276,0.19991,0.59404,0.21279,0.59784,0.22061,0.59784,0.22806,0.60035,0.23349,0.60222,0.24135,0.59346,0.24775,0.58715,0.25368,0.58032,0.25911,0.57401,0.26697,0.57027,0.27144,0.56273,0.27737,0.55584],"triangles":[76,78,77,102,104,103,102,105,104,75,78,76,101,100,102,75,74,78,102,100,105,100,107,105,107,106,105,74,79,78,111,109,99,109,108,99,72,80,73,108,107,100,99,108,100,74,73,79,73,80,79,130,111,98,131,130,98,98,111,99,72,70,80,96,132,98,132,131,98,69,82,80,70,69,80,82,81,80,97,96,98,111,110,109,69,67,82,130,113,111,71,70,72,67,85,82,82,85,83,85,84,83,65,57,67,67,57,85,68,67,69,95,132,96,94,132,95,57,6,85,6,86,85,130,129,113,86,6,87,6,88,87,93,92,94,92,132,94,113,112,111,6,4,89,89,4,90,6,89,88,90,132,92,91,90,92,129,114,113,4,133,90,133,132,90,129,128,114,128,116,114,63,57,65,128,127,116,116,115,114,127,126,116,64,63,65,66,65,67,126,118,117,126,117,116,8,6,57,126,119,118,4,3,133,3,2,133,126,120,119,126,125,120,62,57,63,125,121,120,125,122,121,2,1,133,27,8,57,125,123,122,29,27,57,58,57,62,125,124,123,1,198,138,1,138,135,1,135,133,33,31,57,31,29,57,61,58,62,9,8,27,193,139,138,198,193,138,34,33,57,60,59,61,59,58,61,189,183,139,193,189,139,35,34,57,1,0,198,183,144,139,40,37,57,37,35,57,26,9,27,183,150,144,46,42,57,42,40,57,193,190,189,183,180,150,180,161,157,157,156,150,180,157,150,44,42,46,47,46,48,138,137,135,49,48,55,48,46,55,56,55,57,55,46,57,24,10,26,10,9,26,180,174,161,154,152,150,156,154,150,148,146,144,150,148,144,144,142,139,54,49,55,50,49,53,53,49,54,174,168,163,174,163,161,174,172,168,135,134,133,51,50,53,52,51,53,180,177,174,43,42,44,5,4,6,11,10,24,36,35,37,45,44,46,32,31,33,7,6,8,152,151,150,144,143,142,142,141,139,137,136,135,189,185,183,22,11,24,0,201,198,198,196,193,172,169,168,141,140,139,168,165,163,38,37,40,39,38,40,146,145,144,148,147,146,0,202,201,196,194,193,21,11,22,41,40,42,161,159,157,150,149,148,13,11,21,177,175,174,159,158,157,30,29,31,28,27,29,165,164,163,156,155,154,0,205,202,154,153,152,189,187,185,172,171,169,20,13,21,23,22,24,25,24,26,161,160,159,168,167,165,12,11,13,171,170,169,163,162,161,189,188,187,167,166,165,14,13,20,174,173,172,19,14,20,201,199,198,183,181,180,177,176,175,180,179,177,179,178,177,185,184,183,201,200,199,15,14,18,18,14,19,187,186,185,183,182,181,16,15,18,193,192,190,205,203,202,0,352,205,352,261,205,192,191,190,196,195,194,262,261,352,261,260,205,205,204,203,354,352,0,198,197,196,17,16,18,263,262,352,353,352,354,350,263,352,349,263,350,349,348,263,260,208,205,207,206,205,208,207,205,260,210,208,347,264,263,348,347,263,210,209,208,351,350,352,260,211,210,260,259,211,259,212,211,347,265,264,258,257,212,259,258,212,257,256,213,257,213,212,256,215,214,256,214,213,256,255,215,347,266,265,255,254,215,267,266,347,254,216,215,254,253,216,268,267,346,346,267,347,252,251,217,252,217,253,253,217,216,344,268,345,345,268,346,344,269,268,250,218,251,251,218,217,250,249,218,270,269,344,271,270,343,249,248,218,248,219,218,343,270,344,247,220,248,248,220,219,342,272,271,342,271,343,247,246,220,273,272,342,341,273,342,246,245,221,246,221,220,341,274,273,245,244,221,244,222,221,275,274,341,340,275,341,339,275,340,241,240,222,244,241,222,276,275,339,240,223,222,338,276,339,338,277,276,242,241,244,240,224,223,337,277,338,240,239,225,336,278,337,240,225,224,337,278,277,336,279,278,239,238,225,280,279,336,238,226,225,243,242,244,335,280,336,335,334,280,238,237,226,334,281,280,237,227,226,333,282,334,334,282,281,332,284,283,332,283,282,333,332,282,237,228,227,332,331,284,237,236,228,331,330,284,236,235,229,330,329,284,236,229,228,329,286,285,329,285,284,329,328,286,328,287,286,328,327,287,235,230,229,235,234,230,327,326,287,326,325,287,325,288,287,234,231,230,325,324,288,234,233,231,324,323,289,324,289,288,323,322,289,233,232,231,321,291,289,322,321,289,291,290,289,321,320,291,319,292,291,320,319,291,319,318,292,318,293,292,318,317,293,315,294,293,317,315,293,314,295,294,315,314,294,314,307,295,307,306,295,297,296,295,305,297,295,306,305,295,305,304,297,303,298,297,304,303,297,313,308,314,314,308,307,316,315,317,303,299,298,302,300,299,303,302,299,312,308,313,302,301,300,312,309,308,311,309,312,311,310,309],"type":"mesh","transform":{"y":-165.9085,"skX":89.0573,"skY":89.0573,"x":143.0911},"slotPose":[0.9999996101725577,0.0008829805953585561,-0.0008829805953585561,0.9999996101725577,-119.74274897480275,-1204.3787179009846],"userEdges":[],"width":1087,"height":856,"name":"Cabeza","weights":[1,3,1,1,3,1,1,3,1,1,3,1,1,3,1,1,3,1,1,3,1,1,3,1,1,3,1,1,3,1,1,3,1,1,3,1,1,3,1,1,3,1,1,3,1,1,3,1,1,3,1,1,3,1,1,3,1,1,3,1,1,3,1,1,3,1,1,3,1,1,3,1,1,3,1,1,3,1,1,3,1,1,3,1,1,3,1,1,3,1,1,3,1,1,3,1,1,3,1,1,3,1,1,3,1,1,3,1,1,3,1,1,3,1,1,3,1,1,3,1,1,3,1,1,3,1,1,3,1,1,3,1,1,3,1,1,3,1,1,3,1,1,3,1,1,3,1,1,3,1,1,3,1,1,3,1,1,3,1,1,3,1,1,3,1,1,3,1,1,3,1,1,3,1,1,3,1,1,3,1,1,3,1,1,3,1,1,3,1,1,3,1,1,3,1,1,3,1,1,3,1,1,3,1,1,3,1,1,3,1,1,3,1,1,3,1,1,3,1,1,3,1,1,3,1,1,3,1,1,3,1,1,3,1,1,3,1,1,3,1,1,3,1,1,3,1,1,3,1,1,3,1,1,3,1,1,3,1,1,3,1,1,3,1,1,3,1,1,3,1,1,3,1,1,3,1,1,3,1,1,3,1,1,3,1,1,3,1,1,3,1,1,3,1,1,3,1,1,3,1,1,3,1,1,3,1,1,3,1,1,3,1,1,3,1,1,3,1,1,3,1,1,3,1,1,3,1,1,3,1,1,3,1,1,3,1,1,3,1,1,3,1,1,3,1,1,3,1,1,3,1,1,3,1,1,3,1,1,3,1,1,3,1,1,3,1,1,3,1,1,3,1,1,3,1,1,3,1,1,3,1,1,3,1,1,3,1,1,1,1,1,1,1,1,1,1,1,1,1,1,1,1,1,1,1,1,1,1,1,1,1,1,1,1,1,1,1,1,1,1,1,1,1,1,1,1,1,1,1,1,1,1,1,1,1,1,1,1,1,1,1,1,1,1,1,1,1,1,1,1,1,1,1,1,1,1,1,1,1,1,1,1,1,1,1,1,1,1,1,1,1,1,1,1,1,1,1,1,1,1,1,1,1,1,1,1,1,1,1,1,1,1,1,1,1,1,1,1,1,1,1,1,1,1,1,1,1,1,1,1,1,1,1,1,1,1,1,1,1,1,1,1,1,1,1,1,1,1,1,1,1,1,1,1,1,1,1,1,1,1,1,1,1,1,1,1,1,1,1,1,1,1,1,1,1,1,1,1,1,3,1,1,3,1,1,3,1,1,3,1,1,3,1,1,3,1,1,3,1,1,3,1,1,3,1,1,3,1,1,3,1,1,3,1,1,3,1,1,3,1,1,3,1,1,3,1,1,3,1,1,3,1,1,3,1,1,3,1,1,3,1,1,3,1,1,3,1,1,3,1,1,3,1,1,3,1,1,3,1,1,3,1,1,3,1,1,3,1,1,3,1,1,3,1,1,3,1,1,3,1,1,3,1,1,3,1,1,3,1,1,3,1,1,3,1,1,3,1,1,3,1,1,3,1,1,3,1,1,3,1,1,3,1,1,3,1,1,3,1,1,3,1,1,3,1,1,3,1,1,3,1,1,3,1,1,3,1,1,3,1,1,3,1,1,3,1,1,3,1,1,3,1,1,3,1,1,3,1,1,3,1,1,3,1,1,3,1,1,3,1,1,3,1,1,3,1,1,3,1,1,3,1,1,3,1,1,3,1,1,3,1,1,3,1,1,3,1,1,3,1,1,3,1,1,3,1,1,3,1,1,3,1,1,3,1,1,3,1,1,3,1,1,3,1,1,3,1,1,3,1,1,3,1,1,3,1,1,3,1,1,3,1,1,3,1,1,3,1,1,3,1,1,3,1,1,3,1,1,3,1,1,3,1,1,3,1,1,3,1,1,3,1,1,3,1,1,3,1,1,3,1,1,3,1,1,3,1,1,3,1,1,3,1,1,3,1,1,3,1,1,3,1,1,3,1,1,3,1,1,3,1,1,3,1,1,3,1,1,3,1,1,3,1,1,3,1,1,3,1,1,3,1,1,3,1,1,3,1,1,3,1,1,3,1,1,3,1,1,3,1,1,3,1,1,3,1,1,3,1,1,3,1,1,3,1,1,3,1,1,3,1,1,3,1,1,3,1,1,3,1,1,3,1,1,3,1,1,3,1,1,3,1,1,3,1,1,3,1,1,3,1,1,3,1,1,3,1,1,3,1,1,3,1,1,3,1,1,3,1,1,3,1,1,3,1,1,3,1,1,3,1,1,3,1,1,3,1,1,3,1,1,3,1,1,3,1,1,3,1,1,3,1,1,3,1,1,3,1,1,3,1,1,3,1,1,3,1,1,3,1,1,3,1,1,3,1,1,3,1,1,3,1,1,3,1]}],"name":"Cabeza"}],"name":""}],"aabb":{"width":1288.1556863008068,"y":-1514.114943126572,"height":1447.3877298540679,"x":-717.5398551879567},"slot":[{"name":"Brazo dere","parent":"Brazo dere2","color":{}},{"z":1,"name":"Brazo iz","parent":"Brazo iz2","color":{}},{"z":2,"name":"Pierna dere","parent":"Pierna dere1","color":{}},{"z":3,"name":"Pierna Iz","parent":"Pierna Iz1","color":{}},{"z":4,"name":"Body","parent":"Body","color":{}},{"z":5,"name":"Cabeza","parent":"Cabeza6","color":{}},{"z":6,"name":"Ojo iz","parent":"Ojo iz","color":{}},{"z":7,"name":"Ojo dere","parent":"Ojo dere","color":{}}],"name":"Armadura"}],"name":"NinjaValid","version":"5.5"}