{"width":2048,"imagePath":"Ninja_tex.png","height":2048,"name":"Ninja","SubTexture":[{"width":524,"y":609,"height":510,"name":"Brazo dere","x":1090},{"width":492,"y":859,"height":417,"name":"Brazo iz","x":1},{"width":247,"y":609,"height":366,"name":"Pierna dere","x":1616},{"width":247,"y":1,"height":366,"name":"Pierna Iz","x":1695},{"frameHeight":606,"y":1,"frameX":-7,"width":603,"frameY":0,"height":606,"name":"Body","frameWidth":615,"x":1090},{"width":1087,"y":1,"height":856,"name":"Cabeza","x":1},{"width":148,"y":369,"height":90,"name":"Ojo iz","x":1695},{"width":147,"y":369,"height":90,"name":"Ojo dere","x":1845}]}